{"type":"FeatureCollection","features":[{"type":"Feature","properties":{"route_id":"801","route_long_name":"Metro A Line","route_type":0,"route_url":"https://www.metro.net/a-line/","route_color":"#0072BC","route_text_color":"#FFFFFF"},"geometry":{"type":"MultiLineString","coordinates":[[[-118.19297,33.768],[-118.19344,33.768],[-118.19353,33.76802],[-118.19359,33.76804],[-118.19369,33.76812],[-118.19375,33.76823],[-118.19374,33.77147],[-118.19371,33.7718],[-118.19371,33.77414],[-118.19374,33.77548],[-118.19374,33.77613],[-118.19373,33.77631],[-118.19366,33.77644],[-118.19357,33.77652],[-118.19348,33.77654],[-118.18969,33.77656],[-118.1896,33.77658],[-118.18946,33.77667],[-118.18941,33.77676],[-118.18939,33.77761],[-118.18934,33.77801],[-118.18934,33.78714],[-118.18933,33.78926],[-118.18934,33.78986],[-118.18933,33.80257],[-118.18936,33.80324],[-118.18937,33.80408],[-118.18923,33.80525],[-118.18923,33.80544],[-118.18925,33.80571],[-118.18931,33.80595],[-118.18944,33.80628],[-118.18976,33.80701],[-118.1923,33.81234],[-118.19296,33.81378],[-118.19471,33.81768],[-118.19504,33.81833],[-118.19522,33.81862],[-118.19643,33.82045],[-118.19668,33.82079],[-118.1976,33.82199],[-118.19855,33.82338],[-118.19914,33.82432],[-118.20222,33.82904],[-118.20282,33.83002],[-118.20467,33.83353],[-118.20515,33.83438],[-118.20542,33.83492],[-118.20564,33.83542],[-118.20665,33.8379],[-118.20856,33.84242],[-118.21041,33.84692],[-118.21141,33.84926],[-118.21213,33.85076],[-118.21267,33.85197],[-118.21289,33.85249],[-118.21419,33.85565],[-118.21459,33.85668],[-118.21546,33.85881],[-118.22093,33.87196],[-118.22125,33.87278],[-118.22275,33.87685],[-118.22285,33.87725],[-118.22288,33.87744],[-118.22315,33.88114],[-118.22416,33.89593],[-118.22418,33.89686],[-118.22444,33.90064],[-118.22454,33.90187],[-118.2246,33.90237],[-118.22467,33.90276],[-118.2249,33.90357],[-118.22509,33.90407],[-118.22526,33.90446],[-118.22734,33.90848],[-118.23084,33.91518],[-118.23139,33.91621],[-118.23315,33.91961],[-118.23383,33.92097],[-118.2359,33.92493],[-118.23742,33.92788],[-118.23837,33.92968],[-118.2396,33.9319],[-118.24229,33.93706],[-118.24267,33.93785],[-118.24285,33.93843],[-118.24293,33.93881],[-118.24301,33.93944],[-118.24311,33.94091],[-118.24313,33.94363],[-118.24317,33.94497],[-118.24321,33.95682],[-118.24315,33.95842],[-118.24314,33.9592],[-118.2432,33.96267],[-118.24321,33.96901],[-118.2432,33.96996],[-118.24325,33.97474],[-118.24328,33.97639],[-118.2433,33.98222],[-118.24328,33.98429],[-118.24329,33.98675],[-118.24332,33.98871],[-118.2434,33.99098],[-118.24341,33.99153],[-118.24335,33.99964],[-118.24327,34.00216],[-118.24312,34.01461],[-118.24308,34.01586],[-118.24306,34.01736],[-118.24303,34.02031],[-118.24307,34.02049],[-118.24314,34.0206],[-118.24329,34.0207],[-118.24396,34.02086],[-118.24426,34.02099],[-118.25052,34.0245],[-118.25415,34.02619],[-118.2554,34.0268],[-118.25728,34.02764],[-118.26271,34.03017],[-118.26987,34.03343],[-118.27023,34.03357],[-118.27038,34.03365],[-118.27045,34.03372],[-118.27053,34.03383],[-118.27055,34.03395],[-118.27055,34.03405],[-118.27043,34.03428],[-118.26972,34.0354],[-118.26711,34.0395],[-118.26677,34.03998],[-118.26413,34.04281],[-118.26211,34.04503],[-118.25898,34.04837],[-118.25864,34.0487],[-118.25797,34.04941],[-118.25564,34.05191],[-118.25385,34.05389],[-118.25358,34.05416],[-118.25339,34.05429],[-118.25319,34.0544],[-118.25286,34.05452],[-118.25263,34.05457],[-118.25102,34.05471],[-118.25077,34.0547],[-118.25052,34.05466],[-118.25028,34.0546],[-118.25006,34.05451],[-118.24973,34.05433],[-118.24674,34.05237],[-118.24399,34.0506],[-118.24116,34.0489],[-118.24079,34.04873],[-118.24055,34.04866],[-118.24017,34.0486],[-118.23992,34.0486],[-118.23966,34.04862],[-118.23819,34.04891],[-118.23795,34.04899],[-118.23779,34.04911],[-118.23768,34.04926],[-118.23764,34.04945],[-118.23783,34.05143],[-118.23779,34.05258],[-118.23776,34.05287],[-118.23769,34.05332],[-118.23762,34.05344],[-118.23756,34.05348],[-118.23749,34.05352],[-118.23729,34.05357],[-118.23611,34.05342],[-118.23589,34.05341],[-118.23574,34.05342],[-118.23563,34.05345],[-118.23551,34.0535],[-118.2354,34.05357],[-118.2353,34.05369],[-118.2352,34.0539],[-118.23503,34.05488],[-118.23482,34.05548],[-118.23461,34.05645],[-118.23448,34.05714],[-118.2344,34.0574],[-118.23422,34.0578],[-118.23349,34.0591],[-118.23339,34.05936],[-118.23337,34.05954],[-118.23339,34.05974],[-118.23341,34.05983],[-118.23352,34.06003],[-118.23369,34.06025],[-118.23392,34.06049],[-118.23425,34.06075],[-118.23451,34.06092],[-118.23517,34.0613],[-118.23542,34.06146],[-118.23558,34.0616],[-118.23578,34.06184],[-118.23592,34.06207],[-118.23599,34.06222],[-118.23606,34.0625],[-118.23607,34.06281],[-118.23601,34.06314],[-118.23502,34.06618],[-118.23483,34.06665],[-118.23462,34.06703],[-118.23431,34.06748],[-118.2341,34.06775],[-118.23385,34.06799],[-118.23359,34.06822],[-118.23317,34.06853],[-118.23157,34.0695],[-118.23123,34.06969],[-118.23086,34.06986],[-118.22785,34.07101],[-118.22727,34.07125],[-118.22689,34.07147],[-118.22663,34.07166],[-118.22647,34.07181],[-118.22632,34.07197],[-118.22618,34.07216],[-118.22605,34.07238],[-118.22594,34.07261],[-118.22539,34.07412],[-118.22468,34.07593],[-118.22434,34.07682],[-118.22411,34.07737],[-118.22394,34.07769],[-118.22374,34.07803],[-118.2236,34.07823],[-118.2232,34.07874],[-118.22272,34.07923],[-118.22231,34.07958],[-118.22186,34.07992],[-118.21868,34.08216],[-118.21798,34.0827],[-118.2174,34.08318],[-118.21686,34.08365],[-118.21591,34.08456],[-118.21284,34.08754],[-118.21207,34.08833],[-118.21182,34.08869],[-118.21158,34.08913],[-118.21144,34.08953],[-118.21135,34.08992],[-118.21131,34.0904],[-118.2113,34.0909],[-118.2114,34.0922],[-118.2114,34.09257],[-118.21134,34.09301],[-118.2112,34.09342],[-118.21107,34.09367],[-118.21085,34.09397],[-118.21064,34.09421],[-118.20994,34.09488],[-118.20955,34.09529],[-118.20925,34.09573],[-118.20879,34.0965],[-118.20845,34.09691],[-118.2082,34.09715],[-118.2079,34.0974],[-118.20628,34.09846],[-118.20583,34.09879],[-118.20547,34.09912],[-118.20519,34.09947],[-118.20498,34.09988],[-118.20491,34.10008],[-118.20483,34.10037],[-118.2048,34.10076],[-118.20483,34.10228],[-118.20482,34.10252],[-118.20475,34.10305],[-118.20459,34.10368],[-118.20445,34.10405],[-118.20428,34.10438],[-118.20408,34.10471],[-118.20381,34.10508],[-118.20356,34.10536],[-118.20331,34.10561],[-118.20308,34.10581],[-118.20275,34.10607],[-118.20243,34.10628],[-118.20187,34.10659],[-118.19373,34.1106],[-118.19312,34.11088],[-118.19158,34.11164],[-118.19095,34.11189],[-118.19055,34.11201],[-118.19018,34.11208],[-118.18983,34.11213],[-118.18926,34.11215],[-118.18871,34.11211],[-118.18825,34.11203],[-118.1878,34.11192],[-118.18409,34.1108],[-118.1817,34.11015],[-118.18125,34.11005],[-118.1809,34.11],[-118.18049,34.10996],[-118.17992,34.10996],[-118.17942,34.10999],[-118.17876,34.11009],[-118.176,34.11058],[-118.17533,34.11071],[-118.17453,34.1109],[-118.17384,34.11109],[-118.17178,34.11171],[-118.17094,34.11189],[-118.16974,34.11201],[-118.16211,34.11253],[-118.16156,34.11259],[-118.16116,34.11267],[-118.16091,34.11274],[-118.16057,34.11288],[-118.16022,34.11307],[-118.15997,34.11325],[-118.15957,34.11358],[-118.15874,34.11439],[-118.15825,34.11483],[-118.15757,34.11543],[-118.15714,34.11578],[-118.15619,34.11651],[-118.15489,34.11744],[-118.15396,34.11814],[-118.15258,34.11922],[-118.15178,34.11977],[-118.15156,34.11995],[-118.15129,34.12024],[-118.1511,34.12053],[-118.1509,34.12098],[-118.15082,34.12119],[-118.15075,34.12145],[-118.1507,34.12173],[-118.15068,34.12193],[-118.1507,34.12229],[-118.15078,34.12309],[-118.15077,34.12345],[-118.15072,34.12376],[-118.15065,34.12404],[-118.15052,34.12436],[-118.15042,34.12455],[-118.15011,34.12495],[-118.14985,34.12519],[-118.14893,34.12593],[-118.14838,34.12648],[-118.14822,34.12669],[-118.14812,34.12689],[-118.14806,34.1271],[-118.14804,34.12721],[-118.14802,34.12747],[-118.14805,34.1315],[-118.14814,34.14004],[-118.14818,34.14129],[-118.14816,34.14695],[-118.14809,34.14721],[-118.14783,34.14768],[-118.1471,34.14908],[-118.14636,34.15066],[-118.146,34.1513],[-118.14584,34.15147],[-118.14575,34.15155],[-118.1455,34.15168],[-118.14532,34.15174],[-118.14503,34.15178],[-118.14456,34.15183],[-118.14431,34.15183],[-118.13555,34.15181],[-118.1334,34.15177],[-118.12932,34.15177],[-118.1277,34.15184],[-118.12634,34.15194],[-118.12386,34.15217],[-118.12298,34.15222],[-118.12227,34.15224],[-118.11097,34.15243],[-118.09501,34.15252],[-118.09435,34.15247],[-118.09399,34.15243],[-118.09314,34.15229],[-118.0926,34.15216],[-118.09217,34.15203],[-118.0915,34.1518],[-118.09124,34.15169],[-118.09063,34.15141],[-118.09,34.15106],[-118.08933,34.15061],[-118.08792,34.14953],[-118.08758,34.1493],[-118.08695,34.14894],[-118.08597,34.14842],[-118.08545,34.1482],[-118.08506,34.14806],[-118.08465,34.14795],[-118.08405,34.14782],[-118.08288,34.14768],[-118.08248,34.14767],[-118.07841,34.14779],[-118.07719,34.14786],[-118.07585,34.148],[-118.07452,34.14817],[-118.07322,34.14835],[-118.07189,34.14851],[-118.07035,34.14864],[-118.06951,34.14867],[-118.0644,34.14872],[-118.0427,34.14885],[-118.04137,34.14885],[-118.04057,34.1488],[-118.03992,34.14871],[-118.03949,34.14861],[-118.03862,34.14835],[-118.03688,34.14765],[-118.03646,34.14744],[-118.03593,34.14715],[-118.02821,34.14219],[-118.02478,34.14002],[-118.02287,34.13884],[-118.02241,34.13857],[-118.02157,34.13819],[-118.02112,34.13801],[-118.02057,34.13783],[-118.01844,34.13724],[-118.00951,34.13478],[-118.00789,34.13435],[-118.00248,34.13286],[-118.00186,34.13271],[-118.00083,34.13253],[-117.99978,34.13238],[-117.99888,34.13233],[-117.98887,34.13236],[-117.98171,34.13241],[-117.95725,34.13253],[-117.95407,34.13254],[-117.9532,34.1325],[-117.95239,34.13239],[-117.9521,34.13234],[-117.95121,34.1321],[-117.94867,34.1312],[-117.94586,34.13018],[-117.94203,34.12885],[-117.94116,34.1286],[-117.9405,34.12848],[-117.93977,34.12838],[-117.9389,34.12835],[-117.93801,34.12838],[-117.92753,34.12962],[-117.92673,34.12976],[-117.92581,34.12997],[-117.92486,34.13022],[-117.91037,34.13463],[-117.90872,34.1352],[-117.90659,34.13586],[-117.90548,34.13618],[-117.90494,34.13632],[-117.90447,34.13641],[-117.90393,34.13649],[-117.90246,34.13664],[-117.90113,34.13675],[-117.90039,34.13678],[-117.89949,34.13677],[-117.89608,34.1366],[-117.89468,34.13656],[-117.89398,34.13657],[-117.89327,34.13661],[-117.8899,34.13698],[-117.88832,34.13728],[-117.88368,34.1383],[-117.88246,34.1385],[-117.88127,34.13863],[-117.88014,34.13868],[-117.87919,34.13866],[-117.87833,34.13857],[-117.87747,34.13842],[-117.87695,34.13829],[-117.87643,34.13813],[-117.87591,34.13795],[-117.87551,34.13779],[-117.87473,34.1374],[-117.87425,34.13712],[-117.8737,34.13677],[-117.86897,34.13364],[-117.86705,34.13233],[-117.86528,34.13119],[-117.8648,34.13093],[-117.86412,34.13065],[-117.86298,34.13021],[-117.86249,34.13006],[-117.86218,34.12998],[-117.86175,34.1299],[-117.86126,34.12985],[-117.86082,34.12983],[-117.85963,34.12982],[-117.83866,34.1298],[-117.83827,34.12978],[-117.83784,34.12973],[-117.8372,34.12961],[-117.83678,34.12949],[-117.83641,34.12937],[-117.83572,34.12907],[-117.83534,34.12886],[-117.83491,34.12859],[-117.83456,34.12834],[-117.83431,34.12812],[-117.83408,34.12789],[-117.83383,34.12761],[-117.83352,34.1272],[-117.83321,34.12674],[-117.83301,34.1264],[-117.83282,34.12601],[-117.8327,34.12571],[-117.83257,34.12529],[-117.83245,34.12476],[-117.83215,34.12277],[-117.83204,34.1222],[-117.83192,34.12179],[-117.83181,34.12148],[-117.83165,34.12108],[-117.83145,34.12069],[-117.83118,34.12022],[-117.83083,34.11972],[-117.82966,34.11831],[-117.82858,34.11676],[-117.82585,34.11327],[-117.82549,34.11287],[-117.82516,34.11253],[-117.82437,34.11182],[-117.82386,34.11141],[-117.82334,34.11101],[-117.82236,34.11034],[-117.82142,34.10978],[-117.82036,34.10923],[-117.81928,34.10874],[-117.81867,34.1085],[-117.81795,34.10824],[-117.81723,34.10801],[-117.81615,34.10771],[-117.80451,34.1048],[-117.8013,34.10403],[-117.79677,34.10292],[-117.79294,34.10194],[-117.7921,34.10175],[-117.79103,34.10155],[-117.78974,34.10137],[-117.78215,34.10065],[-117.78035,34.1004],[-117.77934,34.1002],[-117.7781,34.09988],[-117.77549,34.09914],[-117.77226,34.0983],[-117.76978,34.09762],[-117.76684,34.09686],[-117.7643,34.09623],[-117.75793,34.09456],[-117.75718,34.09438],[-117.75662,34.09428],[-117.75478,34.09402],[-117.75398,34.09394],[-117.75349,34.09392],[-117.7517,34.09394],[-117.74976,34.09398],[-117.74897,34.09398]],[[-117.74897,34.09403],[-117.75011,34.09404],[-117.75423,34.09401],[-117.7548,34.09407],[-117.75661,34.09432],[-117.75716,34.09442],[-117.75791,34.0946],[-117.77151,34.09816],[-117.77537,34.09915],[-117.77809,34.09992],[-117.77933,34.10024],[-117.78023,34.10042],[-117.78226,34.10071],[-117.78973,34.10141],[-117.79091,34.10157],[-117.79208,34.10179],[-117.79293,34.10198],[-117.79585,34.10274],[-117.80683,34.10545],[-117.80942,34.10608],[-117.81614,34.10775],[-117.81714,34.10803],[-117.81796,34.10829],[-117.81868,34.10855],[-117.81918,34.10875],[-117.81978,34.10901],[-117.82037,34.10928],[-117.82105,34.10963],[-117.82152,34.10989],[-117.82245,34.11046],[-117.82292,34.11077],[-117.82335,34.11109],[-117.8247,34.11218],[-117.82525,34.11269],[-117.82584,34.11333],[-117.8285,34.11674],[-117.82962,34.11834],[-117.83078,34.11974],[-117.83118,34.12032],[-117.8314,34.12069],[-117.83155,34.12098],[-117.83172,34.12138],[-117.83187,34.12179],[-117.83198,34.12221],[-117.8321,34.12278],[-117.8324,34.12477],[-117.83246,34.12509],[-117.83255,34.12541],[-117.83269,34.12582],[-117.83281,34.12612],[-117.83296,34.12641],[-117.83316,34.12675],[-117.83347,34.12721],[-117.83378,34.12763],[-117.83397,34.12785],[-117.83428,34.12816],[-117.83453,34.12837],[-117.83488,34.12863],[-117.83532,34.1289],[-117.8357,34.12911],[-117.83639,34.12941],[-117.83678,34.12954],[-117.8372,34.12965],[-117.83762,34.12974],[-117.83805,34.1298],[-117.83866,34.12984],[-117.84731,34.12985],[-117.84989,34.12986],[-117.85941,34.12986],[-117.86116,34.12989],[-117.86171,34.12995],[-117.86225,34.13005],[-117.86256,34.13013],[-117.86294,34.13025],[-117.86406,34.13069],[-117.86484,34.13103],[-117.86532,34.13129],[-117.87394,34.13699],[-117.8744,34.13727],[-117.87483,34.13751],[-117.87561,34.13788],[-117.87643,34.13818],[-117.87695,34.13834],[-117.87737,34.13844],[-117.87822,34.1386],[-117.87908,34.1387],[-117.88003,34.13872],[-117.88118,34.13868],[-117.88215,34.13859],[-117.8829,34.13848],[-117.8837,34.13834],[-117.88834,34.13732],[-117.8901,34.13701],[-117.89306,34.13671],[-117.89396,34.13664],[-117.89468,34.13662],[-117.89604,34.13664],[-117.89945,34.1368],[-117.90039,34.13681],[-117.90114,34.13679],[-117.90236,34.13669],[-117.90383,34.13654],[-117.90442,34.13646],[-117.90494,34.13637],[-117.90552,34.13622],[-117.9075,34.13563],[-117.9088,34.13522],[-117.9104,34.13468],[-117.9249,34.13026],[-117.92586,34.13],[-117.9267,34.12982],[-117.92753,34.12967],[-117.93704,34.12852],[-117.93801,34.12842],[-117.93891,34.12839],[-117.93975,34.12841],[-117.94048,34.12851],[-117.94117,34.12865],[-117.94165,34.12877],[-117.94198,34.12888],[-117.9459,34.13024],[-117.95116,34.13213],[-117.95205,34.13237],[-117.95269,34.13249],[-117.95344,34.13257],[-117.95409,34.13259],[-117.9631,34.13254],[-117.96751,34.13255],[-117.98781,34.13241],[-117.99886,34.13237],[-117.99973,34.13242],[-118.00083,34.13257],[-118.00185,34.13275],[-118.00253,34.13291],[-118.01686,34.13683],[-118.02057,34.13786],[-118.02108,34.13803],[-118.0216,34.13826],[-118.02234,34.13862],[-118.02283,34.13889],[-118.02349,34.13931],[-118.0247,34.14002],[-118.03476,34.14645],[-118.03591,34.14718],[-118.03638,34.14745],[-118.03686,34.14769],[-118.0386,34.14839],[-118.03909,34.14856],[-118.03951,34.14866],[-118.03991,34.14875],[-118.04056,34.14884],[-118.04134,34.14889],[-118.0429,34.1489],[-118.06949,34.14872],[-118.0705,34.14867],[-118.07221,34.14852],[-118.0732,34.1484],[-118.07585,34.14805],[-118.07658,34.14798],[-118.07749,34.14793],[-118.07878,34.14788],[-118.08269,34.14776],[-118.08321,34.14777],[-118.08357,34.1478],[-118.08402,34.14786],[-118.08472,34.14801],[-118.08524,34.14817],[-118.08567,34.14833],[-118.08593,34.14845],[-118.0871,34.14906],[-118.08767,34.1494],[-118.08917,34.15054],[-118.08957,34.15083],[-118.08999,34.1511],[-118.09073,34.1515],[-118.09139,34.15179],[-118.0922,34.15208],[-118.09308,34.15231],[-118.09395,34.15246],[-118.09446,34.15252],[-118.09509,34.15256],[-118.09644,34.15256],[-118.11146,34.15248],[-118.11411,34.15245],[-118.11682,34.15237],[-118.12316,34.15225],[-118.12385,34.15221],[-118.127,34.15193],[-118.12806,34.15187],[-118.12917,34.15184],[-118.14455,34.15187],[-118.14516,34.15181],[-118.14541,34.15175],[-118.14558,34.15169],[-118.14575,34.15159],[-118.14595,34.15141],[-118.14605,34.1513],[-118.14636,34.15076],[-118.1469,34.14962],[-118.14777,34.14792],[-118.1481,34.14733],[-118.14818,34.14713],[-118.14823,34.14692],[-118.14823,34.14123],[-118.14818,34.13943],[-118.14814,34.13463],[-118.14817,34.13396],[-118.14815,34.13297],[-118.14812,34.13208],[-118.1481,34.13118],[-118.14807,34.12738],[-118.14808,34.12717],[-118.14813,34.12699],[-118.14823,34.12675],[-118.1484,34.12652],[-118.14894,34.12599],[-118.15009,34.12503],[-118.15028,34.12482],[-118.15054,34.12443],[-118.15067,34.12413],[-118.15072,34.12398],[-118.15079,34.12367],[-118.15083,34.12331],[-118.15082,34.1229],[-118.15072,34.12202],[-118.15072,34.12186],[-118.15077,34.12155],[-118.15087,34.12118],[-118.1511,34.12064],[-118.15129,34.12032],[-118.15156,34.12],[-118.15189,34.11974],[-118.1526,34.11926],[-118.15317,34.11882],[-118.15386,34.11827],[-118.15626,34.1165],[-118.15711,34.11585],[-118.15774,34.11533],[-118.15833,34.1148],[-118.15972,34.1135],[-118.15999,34.11327],[-118.16023,34.11311],[-118.16055,34.11293],[-118.1608,34.11282],[-118.1611,34.11272],[-118.16146,34.11264],[-118.16185,34.1126],[-118.16941,34.11207],[-118.17078,34.11195],[-118.17124,34.11188],[-118.17179,34.11175],[-118.174,34.11108],[-118.17478,34.11088],[-118.17551,34.11071],[-118.17903,34.11008],[-118.17949,34.11002],[-118.18003,34.10999],[-118.18047,34.11],[-118.18088,34.11004],[-118.18132,34.1101],[-118.18169,34.11019],[-118.18422,34.11088],[-118.18786,34.11198],[-118.18825,34.11207],[-118.18865,34.11214],[-118.18916,34.11219],[-118.18956,34.11219],[-118.19017,34.11213],[-118.19053,34.11207],[-118.19107,34.11192],[-118.19146,34.11177],[-118.19193,34.11154],[-118.19563,34.10971],[-118.20205,34.10654],[-118.20245,34.10631],[-118.20279,34.10608],[-118.20311,34.10583],[-118.2034,34.10557],[-118.20369,34.10527],[-118.20397,34.10494],[-118.2042,34.10461],[-118.20436,34.10433],[-118.20451,34.10401],[-118.20465,34.10366],[-118.20479,34.10315],[-118.20487,34.10261],[-118.20488,34.10211],[-118.20485,34.10086],[-118.20488,34.10043],[-118.20491,34.10027],[-118.205,34.09998],[-118.20512,34.09972],[-118.2053,34.09942],[-118.20559,34.09909],[-118.20595,34.09879],[-118.20774,34.0976],[-118.20806,34.09736],[-118.20832,34.09713],[-118.20854,34.09689],[-118.20879,34.09656],[-118.20945,34.0955],[-118.20966,34.09523],[-118.20996,34.09491],[-118.21077,34.09414],[-118.21097,34.09389],[-118.21118,34.09355],[-118.21131,34.09325],[-118.21139,34.09302],[-118.21143,34.09281],[-118.21146,34.09249],[-118.21146,34.09222],[-118.21136,34.09113],[-118.21135,34.09079],[-118.21136,34.09022],[-118.2114,34.08987],[-118.21151,34.08946],[-118.21162,34.08916],[-118.21183,34.08876],[-118.21208,34.0884],[-118.21228,34.08816],[-118.21269,34.08775],[-118.2167,34.08388],[-118.21733,34.0833],[-118.21807,34.08268],[-118.2188,34.08213],[-118.22223,34.0797],[-118.2225,34.07948],[-118.22282,34.07919],[-118.22318,34.07883],[-118.22354,34.07839],[-118.2237,34.07816],[-118.22389,34.07787],[-118.2241,34.07749],[-118.22435,34.07692],[-118.22471,34.07597],[-118.22513,34.07494],[-118.22604,34.07252],[-118.22614,34.07231],[-118.22629,34.07209],[-118.22641,34.07194],[-118.2266,34.07174],[-118.22679,34.07158],[-118.22694,34.07149],[-118.22743,34.07123],[-118.23077,34.06995],[-118.23117,34.06977],[-118.23146,34.06962],[-118.2332,34.06856],[-118.23363,34.06825],[-118.23396,34.06795],[-118.2342,34.0677],[-118.23447,34.06737],[-118.23469,34.06704],[-118.23483,34.0668],[-118.23492,34.0666],[-118.23518,34.06594],[-118.23536,34.06545],[-118.2361,34.0632],[-118.23618,34.06282],[-118.23617,34.0625],[-118.2361,34.06224],[-118.23602,34.06205],[-118.23584,34.06177],[-118.23564,34.06156],[-118.23532,34.06132],[-118.23435,34.06077],[-118.2341,34.06059],[-118.23376,34.06026],[-118.23359,34.06005],[-118.23345,34.05979],[-118.23342,34.05964],[-118.23344,34.05941],[-118.23352,34.05915],[-118.23443,34.05752],[-118.23456,34.05719],[-118.23477,34.05634],[-118.23497,34.0554],[-118.23514,34.05455],[-118.23523,34.05402],[-118.23526,34.05389],[-118.23531,34.05376],[-118.23538,34.05367],[-118.23545,34.0536],[-118.23562,34.0535],[-118.23586,34.05345],[-118.23611,34.05347],[-118.2372,34.05361],[-118.23741,34.0536],[-118.2375,34.05358],[-118.23762,34.05351],[-118.2377,34.05342],[-118.23773,34.05335],[-118.23779,34.05305],[-118.23783,34.05263],[-118.23788,34.05139],[-118.2377,34.04943],[-118.23772,34.04933],[-118.2378,34.0492],[-118.23788,34.04913],[-118.23798,34.04907],[-118.23821,34.049],[-118.23966,34.04872],[-118.23991,34.04869],[-118.24029,34.04871],[-118.24054,34.04876],[-118.24078,34.04883],[-118.2411,34.04897],[-118.24363,34.05049],[-118.24977,34.05445],[-118.25005,34.0546],[-118.25028,34.05469],[-118.25064,34.05478],[-118.25088,34.05481],[-118.25113,34.0548],[-118.25267,34.05466],[-118.25301,34.05457],[-118.25323,34.05449],[-118.25343,34.05438],[-118.25361,34.05425],[-118.25386,34.05401],[-118.25802,34.04943],[-118.25871,34.04871],[-118.25895,34.04848],[-118.25971,34.04764],[-118.26162,34.0456],[-118.26522,34.04169],[-118.26582,34.0411],[-118.2667,34.04015],[-118.26693,34.03983],[-118.27033,34.0345],[-118.27057,34.03411],[-118.27061,34.03397],[-118.27059,34.03387],[-118.27052,34.03372],[-118.2704,34.03361],[-118.27024,34.03352],[-118.2644,34.03091],[-118.26012,34.02894],[-118.25686,34.02741],[-118.25604,34.02701],[-118.25317,34.0257],[-118.25053,34.02447],[-118.24773,34.02291],[-118.24416,34.0209],[-118.24401,34.02083],[-118.24383,34.02078],[-118.24336,34.02067],[-118.24327,34.02061],[-118.24319,34.02054],[-118.24314,34.02047],[-118.24312,34.02039],[-118.24311,34.02011],[-118.24311,34.01693],[-118.24317,34.01433],[-118.24323,34.00897],[-118.24334,34.00303],[-118.24335,34.00141],[-118.24339,33.99997],[-118.24346,33.99089],[-118.24345,33.9897],[-118.24333,33.98473],[-118.24334,33.98293],[-118.24331,33.97352],[-118.24324,33.97034],[-118.24325,33.96901],[-118.24324,33.96198],[-118.24325,33.96076],[-118.24325,33.95387],[-118.24321,33.9423],[-118.24319,33.94107],[-118.24304,33.9392],[-118.24297,33.93874],[-118.24282,33.93817],[-118.24262,33.93763],[-118.24244,33.93725],[-118.22727,33.90827],[-118.22544,33.90473],[-118.22515,33.9041],[-118.22494,33.90353],[-118.22486,33.90327],[-118.22472,33.90272],[-118.22463,33.9021],[-118.2246,33.90171],[-118.2232,33.88114],[-118.22291,33.87727],[-118.22284,33.87689],[-118.2227,33.87649],[-118.22183,33.87413],[-118.22117,33.87243],[-118.21877,33.86663],[-118.21798,33.86478],[-118.21541,33.85856],[-118.21461,33.85661],[-118.21432,33.85587],[-118.21313,33.85291],[-118.21254,33.85156],[-118.21161,33.8495],[-118.21085,33.8477],[-118.21004,33.84592],[-118.20903,33.84345],[-118.20886,33.84306],[-118.20836,33.84183],[-118.20551,33.835],[-118.20528,33.83455],[-118.20438,33.8329],[-118.20314,33.83053],[-118.20268,33.82969],[-118.20172,33.82818],[-118.19834,33.823],[-118.19766,33.82199],[-118.19679,33.8208],[-118.19522,33.81851],[-118.19507,33.81826],[-118.19475,33.81765],[-118.19208,33.81173],[-118.19096,33.80933],[-118.1901,33.80754],[-118.18942,33.80607],[-118.18935,33.80586],[-118.18929,33.80564],[-118.18928,33.80543],[-118.18928,33.80519],[-118.1894,33.80398],[-118.1894,33.80336],[-118.18941,33.80257],[-118.18942,33.7935],[-118.18941,33.79224],[-118.18942,33.79167],[-118.18942,33.78659],[-118.18943,33.78091],[-118.18943,33.77828],[-118.18934,33.77754],[-118.18935,33.77685],[-118.18941,33.77629],[-118.1894,33.775],[-118.18942,33.77413],[-118.18942,33.77004],[-118.18937,33.7697],[-118.18936,33.76833],[-118.18937,33.76828],[-118.18941,33.76821],[-118.18946,33.76816],[-118.1896,33.7681],[-118.18969,33.76808],[-118.19155,33.76806],[-118.19204,33.76801],[-118.19241,33.768],[-118.19344,33.768],[-118.19359,33.76804],[-118.19369,33.76812],[-118.19373,33.76816],[-118.19375,33.76823]],[[-118.19374,33.76834],[-118.19374,33.76845]]]}},{"type":"Feature","properties":{"route_id":"802","route_long_name":"Metro B Line","route_type":1,"route_url":"https://www.metro.net/b-line/","route_color":"#EB131B","route_text_color":"#FFFFFF"},"geometry":{"type":"MultiLineString","coordinates":[[[-118.37827,34.1708],[-118.36443,34.14792],[-118.36294,34.14545],[-118.36273,34.14507],[-118.36259,34.14473],[-118.36242,34.14421],[-118.36235,34.14385],[-118.36231,34.14339],[-118.3623,34.14301],[-118.3623,34.14204],[-118.36234,34.14172],[-118.36243,34.1413],[-118.36369,34.13644],[-118.36376,34.13596],[-118.36376,34.13551],[-118.36375,34.13534],[-118.36366,34.13483],[-118.36349,34.13434],[-118.36335,34.13403],[-118.36295,34.1333],[-118.35772,34.1237],[-118.35699,34.12233],[-118.35453,34.11752],[-118.35304,34.11477],[-118.35232,34.11346],[-118.35076,34.11072],[-118.34702,34.10389],[-118.34675,34.10345],[-118.34656,34.10319],[-118.34632,34.10293],[-118.34602,34.10265],[-118.34569,34.10239],[-118.34529,34.10215],[-118.34485,34.10193],[-118.34448,34.10178],[-118.34391,34.10162],[-118.3436,34.10156],[-118.34311,34.10149],[-118.34262,34.10147],[-118.31156,34.10167],[-118.29536,34.10172],[-118.2949,34.1017],[-118.2944,34.10164],[-118.29408,34.10157],[-118.29372,34.10145],[-118.29347,34.10134],[-118.29325,34.10122],[-118.29304,34.10108],[-118.29272,34.10084],[-118.29244,34.10056],[-118.29227,34.10033],[-118.29209,34.10004],[-118.292,34.09983],[-118.29191,34.09957],[-118.29183,34.09908],[-118.29182,34.09784],[-118.29173,34.06914],[-118.29176,34.06888],[-118.29181,34.06866],[-118.29189,34.0684],[-118.292,34.06815],[-118.2925,34.06737],[-118.29264,34.06713],[-118.29273,34.06694],[-118.29282,34.06665],[-118.29289,34.06616],[-118.29287,34.06575],[-118.2928,34.06536],[-118.29272,34.06508],[-118.29259,34.06475],[-118.29249,34.06454],[-118.29226,34.06415],[-118.29203,34.06386],[-118.29186,34.06368],[-118.29172,34.06355],[-118.29147,34.06337],[-118.29071,34.06291],[-118.28919,34.06207],[-118.28895,34.06196],[-118.28871,34.06188],[-118.28833,34.06178],[-118.28808,34.06173],[-118.28782,34.06171],[-118.28736,34.06172],[-118.28597,34.06183],[-118.28568,34.06184],[-118.28501,34.06179],[-118.2846,34.06172],[-118.28432,34.06166],[-118.28378,34.06149],[-118.28343,34.06135],[-118.2803,34.05994],[-118.27989,34.05974],[-118.27931,34.05937],[-118.27734,34.05801],[-118.27277,34.05472],[-118.27244,34.05449],[-118.27191,34.05419],[-118.26621,34.05161],[-118.26502,34.05111],[-118.26426,34.05081],[-118.26318,34.05042],[-118.26194,34.05001],[-118.26057,34.04961],[-118.26006,34.04941],[-118.25968,34.0492],[-118.25748,34.04779],[-118.25686,34.04741],[-118.25653,34.04725],[-118.25617,34.04712],[-118.25594,34.04705],[-118.25544,34.04697],[-118.25515,34.04695],[-118.25461,34.04697],[-118.25421,34.04703],[-118.25396,34.04709],[-118.2535,34.04726],[-118.25325,34.04738],[-118.25307,34.04748],[-118.25273,34.04772],[-118.25238,34.04804],[-118.25195,34.04849],[-118.24664,34.05419],[-118.24499,34.05593],[-118.24477,34.05616],[-118.24435,34.05653],[-118.24389,34.05687],[-118.2436,34.05706],[-118.24329,34.05723],[-118.24261,34.05754],[-118.24208,34.05773],[-118.24161,34.05786],[-118.2413,34.05792],[-118.24088,34.05799],[-118.23932,34.0582],[-118.23863,34.05826],[-118.23808,34.05823],[-118.23756,34.05812],[-118.2372,34.058],[-118.23674,34.05778],[-118.23639,34.05754],[-118.23616,34.05735],[-118.23369,34.05498],[-118.23334,34.05469],[-118.23286,34.05423],[-118.23267,34.05401],[-118.23089,34.05225],[-118.23063,34.05196],[-118.23053,34.05181],[-118.23042,34.05152],[-118.23039,34.0513],[-118.23041,34.05113],[-118.23073,34.04993],[-118.2309,34.04941],[-118.23108,34.04905],[-118.23182,34.04794],[-118.23192,34.04776],[-118.23199,34.04757],[-118.23203,34.04728],[-118.23203,34.04696],[-118.23208,34.04661],[-118.23208,34.04592]],[[-118.23208,34.04592],[-118.23208,34.0465],[-118.23205,34.04683],[-118.23193,34.04757],[-118.23185,34.04779],[-118.23176,34.04797],[-118.23154,34.04836],[-118.23118,34.04891],[-118.23101,34.04919],[-118.23087,34.04949],[-118.23061,34.05036],[-118.23044,34.05073],[-118.23033,34.05122],[-118.23032,34.0514],[-118.23035,34.05159],[-118.23041,34.05176],[-118.23055,34.052],[-118.23082,34.05229],[-118.2332,34.05464],[-118.2335,34.05497],[-118.23377,34.05523],[-118.23608,34.05745],[-118.23637,34.05769],[-118.23663,34.05786],[-118.23697,34.05804],[-118.23734,34.05818],[-118.23773,34.05828],[-118.238,34.05833],[-118.23826,34.05835],[-118.23863,34.05836],[-118.23941,34.05828],[-118.24127,34.05803],[-118.24199,34.05786],[-118.24256,34.05768],[-118.24307,34.05746],[-118.24351,34.05724],[-118.24383,34.05705],[-118.24417,34.05682],[-118.24457,34.05651],[-118.24488,34.05623],[-118.24512,34.05598],[-118.24701,34.05399],[-118.25205,34.04858],[-118.2527,34.04791],[-118.25298,34.04769],[-118.25329,34.04749],[-118.25364,34.04733],[-118.25401,34.0472],[-118.25438,34.04712],[-118.25472,34.04708],[-118.25511,34.04706],[-118.25542,34.04708],[-118.25574,34.04713],[-118.25604,34.0472],[-118.25641,34.04733],[-118.2567,34.04746],[-118.25726,34.0478],[-118.25941,34.04918],[-118.25982,34.04942],[-118.26026,34.0496],[-118.26172,34.05005],[-118.26296,34.05045],[-118.26368,34.05071],[-118.26493,34.05118],[-118.26607,34.05167],[-118.27125,34.054],[-118.27195,34.05434],[-118.2723,34.05454],[-118.27272,34.05482],[-118.27735,34.05815],[-118.27929,34.0595],[-118.27963,34.05971],[-118.27998,34.05991],[-118.28042,34.06012],[-118.28262,34.06111],[-118.2835,34.06149],[-118.28417,34.0617],[-118.28467,34.06179],[-118.28513,34.06184],[-118.28547,34.06186],[-118.28575,34.06185],[-118.28732,34.06172],[-118.28783,34.06171],[-118.28819,34.06175],[-118.28864,34.06186],[-118.28894,34.06196],[-118.28919,34.06207],[-118.29095,34.06305],[-118.2915,34.06339],[-118.29186,34.06368],[-118.2921,34.06394],[-118.29233,34.06426],[-118.29248,34.06452],[-118.29267,34.06493],[-118.29276,34.06523],[-118.29285,34.06563],[-118.29289,34.06601],[-118.29289,34.06619],[-118.29286,34.06645],[-118.29283,34.06661],[-118.29274,34.06691],[-118.29267,34.06707],[-118.29249,34.0674],[-118.29203,34.06809],[-118.2919,34.06835],[-118.29179,34.06859],[-118.29166,34.06906],[-118.2916,34.06955],[-118.2917,34.09912],[-118.29174,34.09939],[-118.29184,34.09978],[-118.29198,34.10009],[-118.29206,34.10024],[-118.29225,34.10051],[-118.29252,34.10082],[-118.29281,34.10106],[-118.29318,34.10131],[-118.2934,34.10143],[-118.29389,34.10163],[-118.29428,34.10173],[-118.29484,34.10181],[-118.29536,34.10182],[-118.31123,34.10178],[-118.33084,34.10165],[-118.34263,34.10159],[-118.34307,34.10161],[-118.34354,34.10168],[-118.344,34.10179],[-118.34435,34.1019],[-118.34487,34.10211],[-118.34517,34.10228],[-118.34551,34.10249],[-118.34585,34.10275],[-118.34611,34.10298],[-118.34643,34.10334],[-118.34673,34.10376],[-118.34698,34.10421],[-118.3505,34.11064],[-118.35241,34.11427],[-118.36309,34.13381],[-118.36337,34.13438],[-118.36352,34.13483],[-118.36361,34.13531],[-118.36363,34.13569],[-118.3636,34.13618],[-118.36344,34.13692],[-118.36232,34.1412],[-118.36225,34.14153],[-118.3622,34.14198],[-118.3622,34.14321],[-118.36222,34.14364],[-118.36225,34.14392],[-118.36232,34.14426],[-118.36242,34.14461],[-118.36263,34.14513],[-118.36306,34.14589],[-118.37815,34.17085]]]}},{"type":"Feature","properties":{"route_id":"803","route_long_name":"Metro C Line","route_type":0,"route_url":"https://www.metro.net/c-line/","route_color":"#58A738","route_text_color":"#FFFFFF"},"geometry":{"type":"MultiLineString","coordinates":[[[-118.10431,33.91408],[-118.10553,33.91393],[-118.10607,33.91388],[-118.10682,33.91387],[-118.10866,33.91389],[-118.11371,33.91388]],[[-118.11371,33.91388],[-118.11398,33.91383],[-118.1155,33.91384],[-118.11867,33.91366],[-118.12049,33.91351],[-118.12116,33.91343],[-118.12294,33.91332],[-118.12399,33.91326],[-118.12642,33.91318],[-118.13002,33.91312],[-118.14073,33.91307],[-118.14297,33.91308],[-118.1462,33.91301],[-118.14833,33.91292],[-118.14944,33.91285],[-118.15155,33.91266],[-118.15353,33.91253],[-118.15906,33.91201],[-118.16183,33.91177],[-118.16796,33.91115],[-118.16918,33.9111],[-118.17046,33.91106],[-118.17362,33.91116],[-118.17447,33.91124],[-118.17533,33.91138],[-118.17678,33.91176]],[[-118.17678,33.91176],[-118.18156,33.9133],[-118.18339,33.91396],[-118.18907,33.91589],[-118.19087,33.91653],[-118.19278,33.91731],[-118.19429,33.91801],[-118.19593,33.91871],[-118.19707,33.91925],[-118.20609,33.9232],[-118.20805,33.92403],[-118.21364,33.92654],[-118.21884,33.92881],[-118.21932,33.92898],[-118.21981,33.92913],[-118.22037,33.92927],[-118.22102,33.92942],[-118.222,33.92957],[-118.2224,33.92962],[-118.22322,33.92968],[-118.22448,33.92966],[-118.22537,33.92959],[-118.22563,33.92955],[-118.22735,33.92914],[-118.2299,33.92848],[-118.23054,33.92833],[-118.23133,33.92818],[-118.23213,33.92808],[-118.23253,33.92804],[-118.23334,33.92801],[-118.23415,33.92802],[-118.24636,33.92876],[-118.24705,33.92878],[-118.24809,33.92878],[-118.24912,33.92873],[-118.25014,33.92863],[-118.252,33.92839],[-118.25297,33.92824],[-118.25299,33.92826],[-118.25384,33.92812],[-118.25498,33.92797],[-118.25828,33.92756],[-118.25931,33.92748],[-118.25999,33.92746],[-118.26642,33.92747],[-118.26925,33.92744],[-118.27004,33.92747],[-118.27133,33.92758],[-118.27186,33.92765],[-118.27279,33.92781],[-118.27554,33.92838],[-118.27635,33.92853],[-118.27694,33.92862],[-118.278,33.92871],[-118.28067,33.92873],[-118.28441,33.92869],[-118.29154,33.92869],[-118.29298,33.92868],[-118.29381,33.92863],[-118.295,33.92853],[-118.29569,33.92844],[-118.29669,33.92828],[-118.29743,33.92813],[-118.30187,33.92712],[-118.3041,33.92664],[-118.3071,33.92596],[-118.30885,33.92566],[-118.30999,33.92553],[-118.31094,33.92546],[-118.31223,33.9254],[-118.31857,33.92546],[-118.32143,33.92546],[-118.32426,33.92535],[-118.32582,33.92523],[-118.32695,33.92518],[-118.32812,33.9251],[-118.32923,33.92506],[-118.33203,33.92488],[-118.33296,33.92485],[-118.33374,33.92486],[-118.33473,33.92496],[-118.33559,33.92513],[-118.33615,33.92526],[-118.33694,33.92551],[-118.33727,33.92563],[-118.33791,33.92591],[-118.33817,33.92604],[-118.33893,33.92645],[-118.33956,33.92687],[-118.34377,33.92991],[-118.34487,33.93066],[-118.34554,33.93109],[-118.34715,33.93194],[-118.34818,33.93238],[-118.34897,33.93268],[-118.35026,33.9331],[-118.35135,33.93336],[-118.35262,33.93358],[-118.3537,33.93365],[-118.35484,33.93362],[-118.35579,33.9335],[-118.35616,33.93344],[-118.35685,33.93328],[-118.36159,33.93186],[-118.36447,33.93097],[-118.36662,33.93033],[-118.36703,33.93024],[-118.36771,33.93011],[-118.36878,33.93],[-118.36925,33.92999],[-118.371,33.92999],[-118.37438,33.92995],[-118.37536,33.92973],[-118.37603,33.92969],[-118.37651,33.92969],[-118.37754,33.92972],[-118.37797,33.92972],[-118.37829,33.92981],[-118.37855,33.93],[-118.37873,33.93028],[-118.37876,33.93061],[-118.37868,33.93411],[-118.37866,33.93679],[-118.37869,33.94319],[-118.37864,33.95006]],[[-118.37875,33.94997],[-118.37875,33.94931],[-118.37872,33.94865],[-118.37877,33.94744],[-118.37878,33.94499],[-118.37874,33.94326],[-118.3787,33.93708],[-118.37876,33.93268],[-118.37879,33.93147],[-118.37878,33.93029],[-118.37863,33.93],[-118.37838,33.9298],[-118.37801,33.92965],[-118.37758,33.92961],[-118.37633,33.9296],[-118.37603,33.92962],[-118.37536,33.92973]]]}},{"type":"Feature","properties":{"route_id":"804","route_long_name":"Metro E Line","route_type":0,"route_url":"https://www.metro.net/e-line/","route_color":"#FDB913","route_text_color":"#000000"},"geometry":{"type":"MultiLineString","coordinates":[[[-118.49154,34.01365],[-118.49102,34.01436],[-118.49091,34.01456],[-118.49054,34.01492],[-118.48266,34.02131],[-118.48102,34.02259],[-118.4797,34.02365],[-118.47959,34.02372],[-118.47925,34.02385],[-118.47841,34.02402],[-118.4779,34.0242],[-118.47499,34.02579],[-118.47462,34.02596],[-118.47285,34.02667],[-118.4711,34.02731],[-118.46696,34.02871],[-118.46629,34.02891],[-118.46514,34.02917],[-118.45753,34.03073],[-118.45225,34.03179],[-118.45144,34.03196],[-118.44977,34.03235],[-118.44675,34.03297],[-118.44198,34.03391],[-118.43649,34.03503],[-118.42301,34.03701],[-118.42197,34.03715],[-118.42144,34.03718],[-118.42109,34.03717],[-118.42054,34.03711],[-118.4202,34.03704],[-118.41962,34.03687],[-118.41902,34.03663],[-118.41872,34.03647],[-118.41825,34.03615],[-118.41789,34.03584],[-118.41756,34.03548],[-118.41742,34.0353],[-118.41714,34.03486],[-118.4166,34.03387],[-118.41635,34.03346],[-118.41599,34.03302],[-118.41582,34.03287],[-118.41543,34.03259],[-118.41513,34.03242],[-118.41428,34.03205],[-118.41402,34.03191],[-118.41381,34.03174],[-118.41362,34.03155],[-118.41335,34.03123],[-118.41321,34.0311],[-118.41301,34.03097],[-118.41278,34.03086],[-118.41261,34.03081],[-118.4103,34.03007],[-118.40977,34.02995],[-118.40782,34.02962],[-118.40734,34.02956],[-118.4028,34.02914],[-118.40054,34.02899],[-118.3931,34.02831],[-118.39117,34.02807],[-118.38871,34.02781],[-118.38785,34.02774],[-118.38544,34.02761],[-118.38392,34.02749],[-118.38111,34.0272],[-118.37528,34.02665],[-118.37274,34.02635],[-118.37061,34.02619],[-118.36894,34.0261],[-118.36522,34.0258],[-118.36322,34.02555],[-118.35987,34.02524],[-118.35705,34.02493],[-118.35278,34.02455],[-118.3486,34.0242],[-118.34604,34.02395],[-118.34352,34.02368],[-118.34048,34.02333],[-118.33858,34.02307],[-118.33625,34.02271],[-118.33432,34.02236],[-118.33232,34.02198],[-118.32926,34.02136],[-118.31895,34.01898],[-118.317,34.01863],[-118.31526,34.0184],[-118.3144,34.01837],[-118.31311,34.01835],[-118.31178,34.01836],[-118.30509,34.01826],[-118.29398,34.01824],[-118.28778,34.0182],[-118.28396,34.0182],[-118.28201,34.01825],[-118.28138,34.01828],[-118.28096,34.01832],[-118.2807,34.01838],[-118.28056,34.01845],[-118.28036,34.01863],[-118.28008,34.01906],[-118.27981,34.01955],[-118.27947,34.02007],[-118.27819,34.02193],[-118.27732,34.02341],[-118.2763,34.0251],[-118.27611,34.0254],[-118.27569,34.02599],[-118.27536,34.02644],[-118.27522,34.02665],[-118.27508,34.02691],[-118.2748,34.02762],[-118.27474,34.02772],[-118.27451,34.02796],[-118.27424,34.02819],[-118.27394,34.02851],[-118.27297,34.03002],[-118.27192,34.03197],[-118.27139,34.03284],[-118.27084,34.03371],[-118.27045,34.03424],[-118.26711,34.0395],[-118.26677,34.03998],[-118.26413,34.04281],[-118.26211,34.04503],[-118.25898,34.04837],[-118.25864,34.0487],[-118.25797,34.04941],[-118.25564,34.05191],[-118.25369,34.05406],[-118.25349,34.05422],[-118.25329,34.05434],[-118.25308,34.05444],[-118.25286,34.05452],[-118.25251,34.05459],[-118.25115,34.05471],[-118.2509,34.05471],[-118.25052,34.05466],[-118.25017,34.05456],[-118.2499,34.05443],[-118.24399,34.0506],[-118.24116,34.0489],[-118.2409,34.04878],[-118.24055,34.04866],[-118.24017,34.0486],[-118.23979,34.0486],[-118.23952,34.04864],[-118.23819,34.04891],[-118.23776,34.04895],[-118.23754,34.04895],[-118.23685,34.04886],[-118.23495,34.04856],[-118.23225,34.04822],[-118.22959,34.04786],[-118.22753,34.04773],[-118.22686,34.04766],[-118.22225,34.04737],[-118.22086,34.04733],[-118.2188,34.04724],[-118.21836,34.04719],[-118.21784,34.04702],[-118.21762,34.04693],[-118.21737,34.0468],[-118.2164,34.04619],[-118.21604,34.046],[-118.21396,34.04507],[-118.21345,34.04485],[-118.21297,34.04467],[-118.21273,34.0446],[-118.21174,34.0444],[-118.21129,34.04429],[-118.21115,34.04424],[-118.19869,34.03874],[-118.19594,34.03758],[-118.19522,34.03725],[-118.19446,34.03687],[-118.19262,34.03604],[-118.19243,34.03589],[-118.19237,34.03583],[-118.19232,34.03572],[-118.19222,34.03495],[-118.19221,34.0336],[-118.19219,34.03353],[-118.19213,34.03342],[-118.19205,34.03333],[-118.19197,34.03328],[-118.19185,34.03325],[-118.19168,34.03323],[-118.19001,34.03327],[-118.17458,34.03335],[-118.17268,34.03327],[-118.17194,34.03326],[-118.16696,34.03327],[-118.16316,34.03332],[-118.16115,34.03332],[-118.16018,34.03334],[-118.15946,34.03337],[-118.15616,34.03339],[-118.15307,34.03334]],[[-118.15307,34.0334],[-118.15527,34.03345],[-118.15601,34.03343],[-118.16067,34.03341],[-118.16469,34.03334],[-118.1679,34.03334],[-118.17169,34.0333],[-118.17246,34.0333],[-118.17462,34.03339],[-118.17577,34.03339],[-118.18965,34.03331],[-118.19174,34.03327],[-118.19183,34.03329],[-118.19194,34.03336],[-118.19207,34.03347],[-118.1921,34.03352],[-118.19212,34.0336],[-118.19214,34.03493],[-118.19223,34.03559],[-118.19234,34.03586],[-118.19246,34.03598],[-118.1926,34.03607],[-118.19437,34.03687],[-118.1954,34.03738],[-118.19603,34.03767],[-118.19866,34.03877],[-118.21113,34.04427],[-118.21127,34.04433],[-118.21173,34.04444],[-118.21271,34.04464],[-118.21295,34.04471],[-118.21346,34.04489],[-118.21602,34.04604],[-118.21653,34.04632],[-118.21735,34.04683],[-118.2176,34.04697],[-118.21782,34.04706],[-118.21835,34.04723],[-118.21892,34.04729],[-118.22077,34.04737],[-118.22225,34.0474],[-118.22474,34.04756],[-118.22542,34.04764],[-118.22967,34.04791],[-118.23304,34.04836],[-118.23495,34.0486],[-118.23774,34.04902],[-118.23799,34.04902],[-118.23821,34.049],[-118.23941,34.04876],[-118.23978,34.0487],[-118.24017,34.0487],[-118.24054,34.04876],[-118.24078,34.04883],[-118.2411,34.04897],[-118.24363,34.05049],[-118.2499,34.05453],[-118.25016,34.05465],[-118.25052,34.05476],[-118.25076,34.0548],[-118.25113,34.0548],[-118.25255,34.05468],[-118.25279,34.05464],[-118.25301,34.05457],[-118.25333,34.05443],[-118.25352,34.05432],[-118.25372,34.05415],[-118.25802,34.04943],[-118.25869,34.04873],[-118.25895,34.04849],[-118.25971,34.04764],[-118.26162,34.0456],[-118.26522,34.04169],[-118.26582,34.0411],[-118.2667,34.04015],[-118.26693,34.03983],[-118.27049,34.03425],[-118.27087,34.03378],[-118.27167,34.0325],[-118.27261,34.03076],[-118.27286,34.03033],[-118.27364,34.0291],[-118.27409,34.02843],[-118.27422,34.02828],[-118.27457,34.02798],[-118.27476,34.02778],[-118.27485,34.02764],[-118.27531,34.02663],[-118.27592,34.02575],[-118.27741,34.0234],[-118.27797,34.02238],[-118.27825,34.02192],[-118.27916,34.02064],[-118.27949,34.02014],[-118.28041,34.01866],[-118.2806,34.01849],[-118.28073,34.01843],[-118.28097,34.01837],[-118.28138,34.01833],[-118.28201,34.01831],[-118.28366,34.01827],[-118.28647,34.01825],[-118.29087,34.01826],[-118.29401,34.01829],[-118.30453,34.01831],[-118.30995,34.01835],[-118.31164,34.01839],[-118.31308,34.01839],[-118.3146,34.01842],[-118.31522,34.01845],[-118.31561,34.01848],[-118.31614,34.01855],[-118.31749,34.01876],[-118.31899,34.01903],[-118.32017,34.01929],[-118.32804,34.02113],[-118.32959,34.02147],[-118.33295,34.02215],[-118.33606,34.02273],[-118.33891,34.02317],[-118.34049,34.02336],[-118.3432,34.02369],[-118.34576,34.02396],[-118.34916,34.02429],[-118.36305,34.02558],[-118.36521,34.02584],[-118.36602,34.02592],[-118.37323,34.02649],[-118.37662,34.02681],[-118.37916,34.02707],[-118.38185,34.02731],[-118.38394,34.02755],[-118.38694,34.02776],[-118.38791,34.02784],[-118.3911,34.02814],[-118.39337,34.02837],[-118.40325,34.02928],[-118.40543,34.02947],[-118.40746,34.02963],[-118.40791,34.02968],[-118.40979,34.02999],[-118.41031,34.03012],[-118.41236,34.03076],[-118.41276,34.03089],[-118.41295,34.03098],[-118.41317,34.03113],[-118.41329,34.03123],[-118.41357,34.03155],[-118.41382,34.0318],[-118.41402,34.03194],[-118.41434,34.03212],[-118.41511,34.03246],[-118.41535,34.03259],[-118.41564,34.0328],[-118.41598,34.03309],[-118.41615,34.03328],[-118.41633,34.03353],[-118.41719,34.03506],[-118.41739,34.03536],[-118.41759,34.0356],[-118.41783,34.03585],[-118.41809,34.03609],[-118.41833,34.03627],[-118.41863,34.03647],[-118.41898,34.03666],[-118.41935,34.03682],[-118.41973,34.03697],[-118.42013,34.03707],[-118.42063,34.03716],[-118.42098,34.0372],[-118.42147,34.03722],[-118.42202,34.03719],[-118.42386,34.03695],[-118.42574,34.03668],[-118.43115,34.03586],[-118.4329,34.03565],[-118.43534,34.03531],[-118.44197,34.03396],[-118.44526,34.03331],[-118.45227,34.03189],[-118.45724,34.03083],[-118.46573,34.02909],[-118.46635,34.02894],[-118.46746,34.02858],[-118.47193,34.02706],[-118.47434,34.02613],[-118.47494,34.02586],[-118.47548,34.02559],[-118.47795,34.02423],[-118.47815,34.02415],[-118.47845,34.02406],[-118.47939,34.02386],[-118.47965,34.02376],[-118.47973,34.02372],[-118.48341,34.02077],[-118.49108,34.01454],[-118.49122,34.01438],[-118.49169,34.01373]]]}},{"type":"Feature","properties":{"route_id":"807","route_long_name":"Metro K Line","route_type":0,"route_url":"https://www.metro.net/k-line/","route_color":"#E56DB1","route_text_color":"#000000"},"geometry":{"type":"MultiLineString","coordinates":[[[-118.36842,33.89408],[-118.37089,33.89591],[-118.37414,33.89841],[-118.37596,33.89977],[-118.37737,33.90079],[-118.37883,33.90192],[-118.37963,33.90251],[-118.3806,33.90334],[-118.38353,33.90562],[-118.3841,33.90604],[-118.38437,33.90626],[-118.38465,33.90651],[-118.38485,33.90677],[-118.38498,33.90697],[-118.38515,33.90733],[-118.38524,33.90769],[-118.38527,33.90796],[-118.3853,33.91249],[-118.38529,33.914],[-118.3853,33.91428],[-118.38532,33.91448],[-118.38547,33.91494],[-118.38578,33.9154],[-118.38652,33.91604],[-118.38728,33.91666],[-118.38743,33.91687],[-118.3875,33.91708],[-118.38754,33.92049],[-118.38758,33.92172],[-118.38758,33.92386],[-118.38755,33.92672],[-118.38751,33.92699],[-118.38744,33.92723],[-118.38732,33.92745],[-118.3871,33.92774],[-118.38672,33.92804],[-118.38647,33.92818],[-118.38263,33.92949],[-118.38233,33.92956],[-118.38184,33.92962],[-118.38118,33.92966],[-118.3801,33.92965],[-118.37975,33.92968],[-118.37945,33.92981],[-118.37911,33.93002],[-118.37889,33.93038],[-118.37874,33.9311],[-118.37871,33.93146],[-118.37873,33.9318],[-118.37868,33.93411],[-118.37866,33.93679],[-118.37869,33.94319],[-118.37866,33.94491],[-118.37866,33.94776],[-118.37864,33.94973],[-118.37866,33.95732],[-118.37859,33.9579],[-118.37852,33.95822],[-118.37842,33.95854],[-118.3783,33.95885],[-118.37816,33.95915],[-118.37783,33.95968],[-118.37763,33.95995],[-118.3773,33.96032],[-118.37706,33.96055],[-118.37655,33.96097],[-118.37602,33.96131],[-118.37543,33.96161],[-118.37127,33.96328],[-118.36727,33.96485],[-118.36464,33.9659],[-118.36401,33.96611],[-118.36369,33.96619],[-118.36337,33.96625],[-118.36304,33.96629],[-118.36238,33.96631],[-118.35941,33.9661],[-118.35875,33.96604],[-118.35843,33.96599],[-118.35811,33.96591],[-118.35779,33.96581],[-118.35718,33.96556],[-118.35655,33.96536],[-118.3562,33.96528],[-118.35587,33.96524],[-118.35554,33.96523],[-118.35521,33.96524],[-118.35488,33.96528],[-118.35455,33.96535],[-118.35424,33.96543],[-118.35339,33.96569],[-118.35282,33.96593],[-118.35254,33.96609],[-118.35228,33.96629],[-118.35186,33.96671],[-118.35094,33.96774],[-118.35047,33.9682],[-118.35022,33.96841],[-118.34968,33.9688],[-118.3494,33.96897],[-118.33982,33.97346],[-118.33834,33.97418],[-118.33188,33.9772],[-118.33159,33.97735],[-118.33132,33.97754],[-118.3311,33.97779],[-118.33093,33.9781],[-118.33086,33.97842],[-118.33083,33.98536],[-118.3308,33.98902],[-118.3308,33.99299],[-118.33076,34.00026],[-118.33078,34.00106],[-118.33082,34.00139],[-118.3309,34.00177],[-118.33107,34.00231],[-118.33135,34.00291],[-118.33182,34.00378],[-118.33224,34.00429],[-118.33272,34.00474],[-118.33388,34.00592],[-118.33449,34.0067],[-118.33469,34.00697],[-118.33501,34.00755],[-118.3352,34.00818],[-118.3353,34.00883],[-118.33534,34.01015],[-118.33533,34.01048],[-118.3348,34.02204]],[[-118.33489,34.02223],[-118.3349,34.0219],[-118.33542,34.01034],[-118.33539,34.00902],[-118.33532,34.00837],[-118.33526,34.00804],[-118.33517,34.00772],[-118.33504,34.00742],[-118.33471,34.00685],[-118.3341,34.00607],[-118.33388,34.00582],[-118.33273,34.00464],[-118.33187,34.00363],[-118.33136,34.00278],[-118.33109,34.00218],[-118.33093,34.00167],[-118.33088,34.00144],[-118.33084,34.00111],[-118.33082,34.00007],[-118.33082,33.99776],[-118.33086,33.99082],[-118.3309,33.98701],[-118.33088,33.9856],[-118.33091,33.97865],[-118.33092,33.97832],[-118.33103,33.97801],[-118.33114,33.97783],[-118.33136,33.97758],[-118.33163,33.9774],[-118.33192,33.97724],[-118.3363,33.97522],[-118.33809,33.97437],[-118.33956,33.97363],[-118.34914,33.96914],[-118.34973,33.96884],[-118.35002,33.96867],[-118.35029,33.96848],[-118.35054,33.96827],[-118.35078,33.96805],[-118.35146,33.96729],[-118.35212,33.96653],[-118.35236,33.9663],[-118.35262,33.9661],[-118.35312,33.96583],[-118.35373,33.96562],[-118.35468,33.96536],[-118.35501,33.9653],[-118.35534,33.96528],[-118.35567,33.96528],[-118.356,33.9653],[-118.35651,33.96539],[-118.35682,33.96548],[-118.35806,33.96594],[-118.35838,33.96602],[-118.35871,33.96607],[-118.3597,33.96616],[-118.36233,33.96635],[-118.36299,33.96633],[-118.36365,33.96624],[-118.36429,33.96608],[-118.36491,33.96584],[-118.36712,33.96496],[-118.37118,33.96337],[-118.37519,33.96176],[-118.3755,33.96163],[-118.37608,33.96132],[-118.37659,33.96099],[-118.37711,33.96057],[-118.37735,33.96035],[-118.37757,33.9601],[-118.37777,33.95984],[-118.37806,33.95943],[-118.37822,33.95914],[-118.37836,33.95884],[-118.37848,33.95853],[-118.37857,33.95821],[-118.37864,33.95789],[-118.37869,33.95757],[-118.37871,33.95724],[-118.37871,33.95295],[-118.37875,33.95196],[-118.37875,33.94931],[-118.37872,33.94865],[-118.37877,33.94744],[-118.37878,33.94499],[-118.37874,33.94326],[-118.3787,33.93708],[-118.37876,33.93268],[-118.37881,33.93092],[-118.379,33.93027],[-118.37919,33.93004],[-118.37938,33.92991],[-118.37969,33.92975],[-118.38005,33.9297],[-118.38154,33.92969],[-118.38184,33.92962]]]}},{"type":"Feature","properties":{"route_id":"805","route_long_name":"Metro D Line","route_type":1,"route_url":"https://www.metro.net/d-line/","route_color":"#A05DA5","route_text_color":"#FFFFFF"},"geometry":{"type":"MultiLineString","coordinates":[[[-118.37622,34.06515],[-118.37259,34.06425],[-118.37174,34.06409],[-118.36971,34.06387],[-118.3696,34.06385],[-118.36536,34.06336],[-118.36063,34.06285],[-118.36031,34.0628],[-118.35703,34.06245],[-118.34512,34.06222],[-118.34199,34.06213],[-118.33373,34.06198],[-118.33152,34.06192],[-118.32856,34.06189],[-118.32437,34.0618],[-118.31914,34.06169],[-118.31863,34.06166],[-118.3174,34.06165],[-118.3128,34.06166],[-118.30919,34.06164],[-118.29958,34.0617],[-118.29863,34.06173],[-118.29813,34.06179],[-118.29775,34.06187],[-118.2974,34.06196],[-118.29709,34.06207],[-118.29661,34.06228],[-118.2945,34.06328],[-118.29417,34.06342],[-118.2939,34.06351],[-118.29359,34.06358],[-118.29324,34.06363],[-118.29287,34.06364],[-118.2924,34.06359],[-118.29195,34.06349],[-118.29156,34.06335],[-118.29094,34.06304],[-118.29107,34.06312],[-118.28918,34.06207],[-118.28894,34.06196],[-118.28847,34.06181],[-118.28807,34.06173],[-118.28767,34.0617],[-118.28735,34.06171],[-118.28596,34.06183],[-118.28543,34.06182],[-118.285,34.06178],[-118.28459,34.06172],[-118.28431,34.06165],[-118.28377,34.06149],[-118.28253,34.06095],[-118.28028,34.05993],[-118.27988,34.05973],[-118.27962,34.05958],[-118.27733,34.058],[-118.27276,34.05472],[-118.27243,34.05449],[-118.2719,34.05419],[-118.2662,34.0516],[-118.26501,34.05111],[-118.26425,34.05081],[-118.26317,34.05042],[-118.26192,34.05001],[-118.26056,34.0496],[-118.26005,34.04941],[-118.25966,34.04919],[-118.25711,34.04756],[-118.25669,34.04732],[-118.25635,34.04717],[-118.25592,34.04705],[-118.25543,34.04696],[-118.25514,34.04694],[-118.25484,34.04695],[-118.25443,34.04698],[-118.25395,34.04709],[-118.25371,34.04716],[-118.25349,34.04725],[-118.25306,34.04747],[-118.25271,34.04772],[-118.25255,34.04786],[-118.25194,34.04849],[-118.24663,34.05418],[-118.24498,34.05593],[-118.24476,34.05615],[-118.24434,34.05653],[-118.24388,34.05686],[-118.24328,34.05722],[-118.24292,34.0574],[-118.24232,34.05764],[-118.2416,34.05785],[-118.24087,34.05799],[-118.2389,34.05824],[-118.23836,34.05825],[-118.23806,34.05822],[-118.23754,34.05812],[-118.23719,34.058],[-118.23673,34.05778],[-118.23638,34.05754],[-118.23586,34.05707],[-118.23368,34.05497],[-118.23332,34.05468],[-118.23285,34.05422],[-118.23266,34.054],[-118.23088,34.05224],[-118.23062,34.05195],[-118.23052,34.0518],[-118.23041,34.05151],[-118.23038,34.0513],[-118.2304,34.05112],[-118.23071,34.04992],[-118.23089,34.0494],[-118.23107,34.04905],[-118.23181,34.04794],[-118.23191,34.04776],[-118.23197,34.04757],[-118.23201,34.04727],[-118.23201,34.04695],[-118.23207,34.0466],[-118.23207,34.04592]],[[-118.23207,34.04592],[-118.23207,34.04649],[-118.23203,34.04682],[-118.23191,34.04757],[-118.23183,34.04778],[-118.23174,34.04797],[-118.23153,34.04835],[-118.23116,34.0489],[-118.231,34.04919],[-118.23086,34.04949],[-118.2306,34.05035],[-118.23043,34.05072],[-118.23032,34.05122],[-118.23031,34.0514],[-118.23033,34.05158],[-118.23039,34.05176],[-118.23054,34.052],[-118.23081,34.05229],[-118.23319,34.05463],[-118.23349,34.05496],[-118.23376,34.05523],[-118.23607,34.05744],[-118.23635,34.05768],[-118.23662,34.05786],[-118.23696,34.05804],[-118.23733,34.05818],[-118.23772,34.05828],[-118.23798,34.05832],[-118.23825,34.05835],[-118.23861,34.05835],[-118.23902,34.05832],[-118.24101,34.05807],[-118.24167,34.05794],[-118.24223,34.05778],[-118.24255,34.05767],[-118.24305,34.05746],[-118.2435,34.05723],[-118.24382,34.05704],[-118.24416,34.05682],[-118.24456,34.0565],[-118.24487,34.05622],[-118.24511,34.05598],[-118.24699,34.05398],[-118.25204,34.04858],[-118.25269,34.0479],[-118.25297,34.04768],[-118.25328,34.04749],[-118.25363,34.04733],[-118.254,34.0472],[-118.25437,34.04712],[-118.25471,34.04707],[-118.25509,34.04706],[-118.25541,34.04708],[-118.25573,34.04713],[-118.25603,34.0472],[-118.25639,34.04732],[-118.25669,34.04746],[-118.25725,34.04779],[-118.2594,34.04917],[-118.25981,34.04941],[-118.26025,34.0496],[-118.26171,34.05004],[-118.26295,34.05044],[-118.26367,34.0507],[-118.26491,34.05118],[-118.26606,34.05166],[-118.27124,34.054],[-118.27193,34.05433],[-118.27229,34.05454],[-118.2727,34.05481],[-118.27733,34.05815],[-118.27883,34.05919],[-118.27962,34.05971],[-118.27996,34.0599],[-118.28041,34.06011],[-118.2826,34.0611],[-118.28349,34.06149],[-118.28375,34.06158],[-118.28416,34.06169],[-118.28466,34.06179],[-118.28511,34.06184],[-118.28574,34.06185],[-118.2873,34.06172],[-118.28767,34.0617],[-118.28807,34.06173],[-118.28842,34.06179],[-118.28882,34.06191],[-118.28918,34.06207],[-118.29094,34.06304],[-118.29145,34.0633],[-118.2917,34.06341],[-118.29195,34.06349],[-118.29239,34.06359],[-118.29281,34.06364],[-118.29315,34.06363],[-118.29348,34.0636],[-118.29387,34.06352],[-118.29419,34.06342],[-118.29442,34.06332],[-118.2964,34.06238],[-118.29697,34.06214],[-118.29737,34.06201],[-118.29768,34.06194],[-118.29811,34.06186],[-118.29847,34.06183],[-118.29925,34.06181],[-118.30987,34.06174],[-118.3174,34.06175],[-118.31862,34.06176],[-118.31914,34.06179],[-118.32437,34.0619],[-118.32856,34.06198],[-118.33152,34.06202],[-118.33373,34.06208],[-118.34199,34.06223],[-118.34512,34.06231],[-118.35702,34.06254],[-118.3603,34.0629],[-118.36062,34.06295],[-118.36535,34.06346],[-118.36958,34.06394],[-118.36969,34.06397],[-118.37173,34.06419],[-118.37256,34.06434],[-118.37619,34.06524]]]}},{"type":"Feature","properties":{"stop_id":"80101","stop_code":"80101","stop_name":"Downtown Long Beach Station","location_type":0,"parent_station":"80101S","routes":[{"route_id":"801","route_long_name":"Metro A Line","route_type":0,"route_url":"https://www.metro.net/a-line/","route_color":"#0072BC","route_text_color":"#FFFFFF"}],"agency_name":"Metro - Los Angeles"},"geometry":{"type":"Point","coordinates":[-118.19292,33.76807]}},{"type":"Feature","properties":{"stop_id":"80102","stop_code":"80102","stop_name":"Pacific Ave Station","location_type":0,"parent_station":"80102S","routes":[{"route_id":"801","route_long_name":"Metro A Line","route_type":0,"route_url":"https://www.metro.net/a-line/","route_color":"#0072BC","route_text_color":"#FFFFFF"}],"agency_name":"Metro - Los Angeles"},"geometry":{"type":"Point","coordinates":[-118.1937,33.77226]}},{"type":"Feature","properties":{"stop_id":"80105","stop_code":"80105","stop_name":"Anaheim Street Station","location_type":0,"parent_station":"80105S","routes":[{"route_id":"801","route_long_name":"Metro A Line","route_type":0,"route_url":"https://www.metro.net/a-line/","route_color":"#0072BC","route_text_color":"#FFFFFF"}],"agency_name":"Metro - Los Angeles"},"geometry":{"type":"Point","coordinates":[-118.18938,33.78183]}},{"type":"Feature","properties":{"stop_id":"80106","stop_code":"80106","stop_name":"Pacific Coast Hwy Station","location_type":0,"parent_station":"80106S","routes":[{"route_id":"801","route_long_name":"Metro A Line","route_type":0,"route_url":"https://www.metro.net/a-line/","route_color":"#0072BC","route_text_color":"#FFFFFF"}],"agency_name":"Metro - Los Angeles"},"geometry":{"type":"Point","coordinates":[-118.18938,33.78909]}},{"type":"Feature","properties":{"stop_id":"80107","stop_code":"80107","stop_name":"Willow Street Station","location_type":0,"parent_station":"80107S","routes":[{"route_id":"801","route_long_name":"Metro A Line","route_type":0,"route_url":"https://www.metro.net/a-line/","route_color":"#0072BC","route_text_color":"#FFFFFF"}],"agency_name":"Metro - Los Angeles"},"geometry":{"type":"Point","coordinates":[-118.18983,33.80708]}},{"type":"Feature","properties":{"stop_id":"80108","stop_code":"80108","stop_name":"Wardlow Station","location_type":0,"parent_station":"80108S","routes":[{"route_id":"801","route_long_name":"Metro A Line","route_type":0,"route_url":"https://www.metro.net/a-line/","route_color":"#0072BC","route_text_color":"#FFFFFF"}],"agency_name":"Metro - Los Angeles"},"geometry":{"type":"Point","coordinates":[-118.19609,33.81987]}},{"type":"Feature","properties":{"stop_id":"80109","stop_code":"80109","stop_name":"Del Amo Station","location_type":0,"parent_station":"80109S","routes":[{"route_id":"801","route_long_name":"Metro A Line","route_type":0,"route_url":"https://www.metro.net/a-line/","route_color":"#0072BC","route_text_color":"#FFFFFF"}],"agency_name":"Metro - Los Angeles"},"geometry":{"type":"Point","coordinates":[-118.21102,33.84822]}},{"type":"Feature","properties":{"stop_id":"80110","stop_code":"80110","stop_name":"Artesia Station","location_type":0,"parent_station":"80110S","routes":[{"route_id":"801","route_long_name":"Metro A Line","route_type":0,"route_url":"https://www.metro.net/a-line/","route_color":"#0072BC","route_text_color":"#FFFFFF"}],"agency_name":"Metro - Los Angeles"},"geometry":{"type":"Point","coordinates":[-118.2225,33.87608]}},{"type":"Feature","properties":{"stop_id":"80111","stop_code":"80111","stop_name":"Compton Station","location_type":0,"parent_station":"80111S","routes":[{"route_id":"801","route_long_name":"Metro A Line","route_type":0,"route_url":"https://www.metro.net/a-line/","route_color":"#0072BC","route_text_color":"#FFFFFF"}],"agency_name":"Metro - Los Angeles"},"geometry":{"type":"Point","coordinates":[-118.22425,33.89749]}},{"type":"Feature","properties":{"stop_id":"80112","stop_code":"80112","stop_name":"Willowbrook - Rosa Parks Station - Metro A-Line","location_type":0,"parent_station":"80112S","routes":[{"route_id":"801","route_long_name":"Metro A Line","route_type":0,"route_url":"https://www.metro.net/a-line/","route_color":"#0072BC","route_text_color":"#FFFFFF"}],"agency_name":"Metro - Los Angeles"},"geometry":{"type":"Point","coordinates":[-118.23755,33.92805]}},{"type":"Feature","properties":{"stop_id":"80113","stop_code":"80113","stop_name":"103rd Street / Watts Towers  Station","location_type":0,"parent_station":"80113S","routes":[{"route_id":"801","route_long_name":"Metro A Line","route_type":0,"route_url":"https://www.metro.net/a-line/","route_color":"#0072BC","route_text_color":"#FFFFFF"}],"agency_name":"Metro - Los Angeles"},"geometry":{"type":"Point","coordinates":[-118.24316,33.94222]}},{"type":"Feature","properties":{"stop_id":"80114","stop_code":"80114","stop_name":"Firestone Station","location_type":0,"parent_station":"80114S","routes":[{"route_id":"801","route_long_name":"Metro A Line","route_type":0,"route_url":"https://www.metro.net/a-line/","route_color":"#0072BC","route_text_color":"#FFFFFF"}],"agency_name":"Metro - Los Angeles"},"geometry":{"type":"Point","coordinates":[-118.2432,33.95961]}},{"type":"Feature","properties":{"stop_id":"80115","stop_code":"80115","stop_name":"Florence Station","location_type":0,"parent_station":"80115S","routes":[{"route_id":"801","route_long_name":"Metro A Line","route_type":0,"route_url":"https://www.metro.net/a-line/","route_color":"#0072BC","route_text_color":"#FFFFFF"}],"agency_name":"Metro - Los Angeles"},"geometry":{"type":"Point","coordinates":[-118.24327,33.97374]}},{"type":"Feature","properties":{"stop_id":"80116","stop_code":"80116","stop_name":"Slauson Station","location_type":0,"parent_station":"80116S","routes":[{"route_id":"801","route_long_name":"Metro A Line","route_type":0,"route_url":"https://www.metro.net/a-line/","route_color":"#0072BC","route_text_color":"#FFFFFF"}],"agency_name":"Metro - Los Angeles"},"geometry":{"type":"Point","coordinates":[-118.2434,33.98876]}},{"type":"Feature","properties":{"stop_id":"80117","stop_code":"80117","stop_name":"Vernon Station","location_type":0,"parent_station":"80117S","routes":[{"route_id":"801","route_long_name":"Metro A Line","route_type":0,"route_url":"https://www.metro.net/a-line/","route_color":"#0072BC","route_text_color":"#FFFFFF"}],"agency_name":"Metro - Los Angeles"},"geometry":{"type":"Point","coordinates":[-118.2433,34.00292]}},{"type":"Feature","properties":{"stop_id":"80118","stop_code":"80118","stop_name":"Washington Station","location_type":0,"parent_station":"80118S","routes":[{"route_id":"801","route_long_name":"Metro A Line","route_type":0,"route_url":"https://www.metro.net/a-line/","route_color":"#0072BC","route_text_color":"#FFFFFF"}],"agency_name":"Metro - Los Angeles"},"geometry":{"type":"Point","coordinates":[-118.24308,34.01965]}},{"type":"Feature","properties":{"stop_id":"80119","stop_code":"80119","stop_name":"San Pedro Street Station","location_type":0,"parent_station":"80119S","routes":[{"route_id":"801","route_long_name":"Metro A Line","route_type":0,"route_url":"https://www.metro.net/a-line/","route_color":"#0072BC","route_text_color":"#FFFFFF"}],"agency_name":"Metro - Los Angeles"},"geometry":{"type":"Point","coordinates":[-118.2555,34.02681]}},{"type":"Feature","properties":{"stop_id":"80120","stop_code":"80120","stop_name":"Grand / LATTC Station","location_type":0,"parent_station":"80120S","routes":[{"route_id":"801","route_long_name":"Metro A Line","route_type":0,"route_url":"https://www.metro.net/a-line/","route_color":"#0072BC","route_text_color":"#FFFFFF"}],"agency_name":"Metro - Los Angeles"},"geometry":{"type":"Point","coordinates":[-118.26933,34.03316]}},{"type":"Feature","properties":{"stop_id":"80121","stop_code":"80121","stop_name":"Pico Station","location_type":0,"parent_station":"80121S","routes":[{"route_id":"801","route_long_name":"Metro A Line","route_type":0,"route_url":"https://www.metro.net/a-line/","route_color":"#0072BC","route_text_color":"#FFFFFF"},{"route_id":"804","route_long_name":"Metro E Line","route_type":0,"route_url":"https://www.metro.net/e-line/","route_color":"#FDB913","route_text_color":"#000000"}],"agency_name":"Metro - Los Angeles"},"geometry":{"type":"Point","coordinates":[-118.26612,34.04074]}},{"type":"Feature","properties":{"stop_id":"80122","stop_code":"80122","stop_name":"7th Street / Metro Center Station - Metro A & E Lines","location_type":0,"parent_station":"80122S","routes":[{"route_id":"801","route_long_name":"Metro A Line","route_type":0,"route_url":"https://www.metro.net/a-line/","route_color":"#0072BC","route_text_color":"#FFFFFF"},{"route_id":"804","route_long_name":"Metro E Line","route_type":0,"route_url":"https://www.metro.net/e-line/","route_color":"#FDB913","route_text_color":"#000000"}],"agency_name":"Metro - Los Angeles"},"geometry":{"type":"Point","coordinates":[-118.25882,34.04861]}},{"type":"Feature","properties":{"stop_id":"80123","stop_code":"80123","stop_name":"LATTC / Ortho Institute Station","location_type":0,"parent_station":"80123S","routes":[{"route_id":"804","route_long_name":"Metro E Line","route_type":0,"route_url":"https://www.metro.net/e-line/","route_color":"#FDB913","route_text_color":"#000000"}],"agency_name":"Metro - Los Angeles"},"geometry":{"type":"Point","coordinates":[-118.2736,34.02911]}},{"type":"Feature","properties":{"stop_id":"80124","stop_code":"80124","stop_name":"Jefferson / USC Station","location_type":0,"parent_station":"80124S","routes":[{"route_id":"804","route_long_name":"Metro E Line","route_type":0,"route_url":"https://www.metro.net/e-line/","route_color":"#FDB913","route_text_color":"#000000"}],"agency_name":"Metro - Los Angeles"},"geometry":{"type":"Point","coordinates":[-118.27812,34.02212]}},{"type":"Feature","properties":{"stop_id":"80125","stop_code":"80125","stop_name":"Expo Park / USC Station","location_type":0,"parent_station":"80125S","routes":[{"route_id":"804","route_long_name":"Metro E Line","route_type":0,"route_url":"https://www.metro.net/e-line/","route_color":"#FDB913","route_text_color":"#000000"}],"agency_name":"Metro - Los Angeles"},"geometry":{"type":"Point","coordinates":[-118.28573,34.01823]}},{"type":"Feature","properties":{"stop_id":"80126","stop_code":"80126","stop_name":"Expo / Vermont Station","location_type":0,"parent_station":"80126S","routes":[{"route_id":"804","route_long_name":"Metro E Line","route_type":0,"route_url":"https://www.metro.net/e-line/","route_color":"#FDB913","route_text_color":"#000000"}],"agency_name":"Metro - Los Angeles"},"geometry":{"type":"Point","coordinates":[-118.29154,34.01825]}},{"type":"Feature","properties":{"stop_id":"80127","stop_code":"80127","stop_name":"Expo / Western Station","location_type":0,"parent_station":"80127S","routes":[{"route_id":"804","route_long_name":"Metro E Line","route_type":0,"route_url":"https://www.metro.net/e-line/","route_color":"#FDB913","route_text_color":"#000000"}],"agency_name":"Metro - Los Angeles"},"geometry":{"type":"Point","coordinates":[-118.30891,34.01833]}},{"type":"Feature","properties":{"stop_id":"80128","stop_code":"80128","stop_name":"Expo / Crenshaw E-Line Station","location_type":0,"parent_station":"80128S","routes":[{"route_id":"804","route_long_name":"Metro E Line","route_type":0,"route_url":"https://www.metro.net/e-line/","route_color":"#FDB913","route_text_color":"#000000"}],"agency_name":"Metro - Los Angeles"},"geometry":{"type":"Point","coordinates":[-118.33508,34.02253]}},{"type":"Feature","properties":{"stop_id":"80129","stop_code":"80129","stop_name":"Farmdale Station","location_type":0,"parent_station":"80129S","routes":[{"route_id":"804","route_long_name":"Metro E Line","route_type":0,"route_url":"https://www.metro.net/e-line/","route_color":"#FDB913","route_text_color":"#000000"}],"agency_name":"Metro - Los Angeles"},"geometry":{"type":"Point","coordinates":[-118.34609,34.02398]}},{"type":"Feature","properties":{"stop_id":"80130","stop_code":"80130","stop_name":"Expo / La Brea / Ethel Bradley Station","location_type":0,"parent_station":"80130S","routes":[{"route_id":"804","route_long_name":"Metro E Line","route_type":0,"route_url":"https://www.metro.net/e-line/","route_color":"#FDB913","route_text_color":"#000000"}],"agency_name":"Metro - Los Angeles"},"geometry":{"type":"Point","coordinates":[-118.35516,34.0248]}},{"type":"Feature","properties":{"stop_id":"80131","stop_code":"80131","stop_name":"La Cienega / Jefferson Station","location_type":0,"parent_station":"80131S","routes":[{"route_id":"804","route_long_name":"Metro E Line","route_type":0,"route_url":"https://www.metro.net/e-line/","route_color":"#FDB913","route_text_color":"#000000"}],"agency_name":"Metro - Los Angeles"},"geometry":{"type":"Point","coordinates":[-118.37212,34.02636]}},{"type":"Feature","properties":{"stop_id":"80132","stop_code":"80132","stop_name":"Culver City Station","location_type":0,"parent_station":"80132S","routes":[{"route_id":"804","route_long_name":"Metro E Line","route_type":0,"route_url":"https://www.metro.net/e-line/","route_color":"#FDB913","route_text_color":"#000000"}],"agency_name":"Metro - Los Angeles"},"geometry":{"type":"Point","coordinates":[-118.38899,34.0279]}},{"type":"Feature","properties":{"stop_id":"80133","stop_code":"80133","stop_name":"Palms Station","location_type":0,"parent_station":"80133S","routes":[{"route_id":"804","route_long_name":"Metro E Line","route_type":0,"route_url":"https://www.metro.net/e-line/","route_color":"#FDB913","route_text_color":"#000000"}],"agency_name":"Metro - Los Angeles"},"geometry":{"type":"Point","coordinates":[-118.40425,34.02932]}},{"type":"Feature","properties":{"stop_id":"80134","stop_code":"80134","stop_name":"Westwood / Rancho Park Station","location_type":0,"parent_station":"80134S","routes":[{"route_id":"804","route_long_name":"Metro E Line","route_type":0,"route_url":"https://www.metro.net/e-line/","route_color":"#FDB913","route_text_color":"#000000"}],"agency_name":"Metro - Los Angeles"},"geometry":{"type":"Point","coordinates":[-118.42458,34.03682]}},{"type":"Feature","properties":{"stop_id":"80135","stop_code":"80135","stop_name":"Expo / Sepulveda Station","location_type":0,"parent_station":"80135S","routes":[{"route_id":"804","route_long_name":"Metro E Line","route_type":0,"route_url":"https://www.metro.net/e-line/","route_color":"#FDB913","route_text_color":"#000000"}],"agency_name":"Metro - Los Angeles"},"geometry":{"type":"Point","coordinates":[-118.43423,34.03541]}},{"type":"Feature","properties":{"stop_id":"80136","stop_code":"80136","stop_name":"Expo / Bundy Station","location_type":0,"parent_station":"80136S","routes":[{"route_id":"804","route_long_name":"Metro E Line","route_type":0,"route_url":"https://www.metro.net/e-line/","route_color":"#FDB913","route_text_color":"#000000"}],"agency_name":"Metro - Los Angeles"},"geometry":{"type":"Point","coordinates":[-118.4529,34.03171]}},{"type":"Feature","properties":{"stop_id":"80137","stop_code":"80137","stop_name":"26th Street / Bergamot Station","location_type":0,"parent_station":"80137S","routes":[{"route_id":"804","route_long_name":"Metro E Line","route_type":0,"route_url":"https://www.metro.net/e-line/","route_color":"#FDB913","route_text_color":"#000000"}],"agency_name":"Metro - Los Angeles"},"geometry":{"type":"Point","coordinates":[-118.46912,34.02799]}},{"type":"Feature","properties":{"stop_id":"80138","stop_code":"80138","stop_name":"17th Street / SMC Station","location_type":0,"parent_station":"80138S","routes":[{"route_id":"804","route_long_name":"Metro E Line","route_type":0,"route_url":"https://www.metro.net/e-line/","route_color":"#FDB913","route_text_color":"#000000"}],"agency_name":"Metro - Los Angeles"},"geometry":{"type":"Point","coordinates":[-118.48037,34.02316]}},{"type":"Feature","properties":{"stop_id":"80139","stop_code":"80139","stop_name":"Downtown Santa Monica Station","location_type":0,"parent_station":"80139S","routes":[{"route_id":"804","route_long_name":"Metro E Line","route_type":0,"route_url":"https://www.metro.net/e-line/","route_color":"#FDB913","route_text_color":"#000000"}],"agency_name":"Metro - Los Angeles"},"geometry":{"type":"Point","coordinates":[-118.49138,34.01401]}},{"type":"Feature","properties":{"stop_id":"80153","stop_code":"80153","stop_name":"1st Street Station","location_type":0,"parent_station":"80153S","routes":[{"route_id":"801","route_long_name":"Metro A Line","route_type":0,"route_url":"https://www.metro.net/a-line/","route_color":"#0072BC","route_text_color":"#FFFFFF"}],"agency_name":"Metro - Los Angeles"},"geometry":{"type":"Point","coordinates":[-118.18936,33.76874]}},{"type":"Feature","properties":{"stop_id":"80154","stop_code":"80154","stop_name":"5th Street Station","location_type":0,"parent_station":"80154S","routes":[{"route_id":"801","route_long_name":"Metro A Line","route_type":0,"route_url":"https://www.metro.net/a-line/","route_color":"#0072BC","route_text_color":"#FFFFFF"}],"agency_name":"Metro - Los Angeles"},"geometry":{"type":"Point","coordinates":[-118.18941,33.7736]}},{"type":"Feature","properties":{"stop_id":"801100","stop_code":"801100","stop_name":"Glendora Station","location_type":0,"parent_station":"801100S","routes":[{"route_id":"801","route_long_name":"Metro A Line","route_type":0,"route_url":"https://www.metro.net/a-line/","route_color":"#0072BC","route_text_color":"#FFFFFF"}],"agency_name":"Metro - Los Angeles"},"geometry":{"type":"Point","coordinates":[-117.8663,34.1319]}},{"type":"Feature","properties":{"stop_id":"801101","stop_code":"801101","stop_name":"San Dimas Station","location_type":0,"parent_station":"801101S","routes":[{"route_id":"801","route_long_name":"Metro A Line","route_type":0,"route_url":"https://www.metro.net/a-line/","route_color":"#0072BC","route_text_color":"#FFFFFF"}],"agency_name":"Metro - Los Angeles"},"geometry":{"type":"Point","coordinates":[-117.8058,34.1052]}},{"type":"Feature","properties":{"stop_id":"801102","stop_code":"801102","stop_name":"La Verne / Fairplex Station","location_type":0,"parent_station":"801102S","routes":[{"route_id":"801","route_long_name":"Metro A Line","route_type":0,"route_url":"https://www.metro.net/a-line/","route_color":"#0072BC","route_text_color":"#FFFFFF"}],"agency_name":"Metro - Los Angeles"},"geometry":{"type":"Point","coordinates":[-117.7681,34.0972]}},{"type":"Feature","properties":{"stop_id":"801103","stop_code":"801103","stop_name":"Pomona North Station","location_type":0,"parent_station":"801103S","routes":[{"route_id":"801","route_long_name":"Metro A Line","route_type":0,"route_url":"https://www.metro.net/a-line/","route_color":"#0072BC","route_text_color":"#FFFFFF"}],"agency_name":"Metro - Los Angeles"},"geometry":{"type":"Point","coordinates":[-117.7522,34.094]}},{"type":"Feature","properties":{"stop_id":"80201","stop_code":"80201","stop_name":"North Hollywood Station","location_type":0,"parent_station":"80201S","routes":[{"route_id":"802","route_long_name":"Metro B Line","route_type":1,"route_url":"https://www.metro.net/b-line/","route_color":"#EB131B","route_text_color":"#FFFFFF"}],"agency_name":"Metro - Los Angeles"},"geometry":{"type":"Point","coordinates":[-118.37681,34.1685]}},{"type":"Feature","properties":{"stop_id":"80202","stop_code":"80202","stop_name":"Universal / Studio City Station","location_type":0,"parent_station":"80202S","routes":[{"route_id":"802","route_long_name":"Metro B Line","route_type":1,"route_url":"https://www.metro.net/b-line/","route_color":"#EB131B","route_text_color":"#FFFFFF"}],"agency_name":"Metro - Los Angeles"},"geometry":{"type":"Point","coordinates":[-118.3627,34.14]}},{"type":"Feature","properties":{"stop_id":"80203","stop_code":"80203","stop_name":"Hollywood / Highland Station","location_type":0,"parent_station":"80203S","routes":[{"route_id":"802","route_long_name":"Metro B Line","route_type":1,"route_url":"https://www.metro.net/b-line/","route_color":"#EB131B","route_text_color":"#FFFFFF"}],"agency_name":"Metro - Los Angeles"},"geometry":{"type":"Point","coordinates":[-118.33855,34.10155]}},{"type":"Feature","properties":{"stop_id":"80204","stop_code":"80204","stop_name":"Hollywood / Vine Station","location_type":0,"parent_station":"80204S","routes":[{"route_id":"802","route_long_name":"Metro B Line","route_type":1,"route_url":"https://www.metro.net/b-line/","route_color":"#EB131B","route_text_color":"#FFFFFF"}],"agency_name":"Metro - Los Angeles"},"geometry":{"type":"Point","coordinates":[-118.32518,34.10163]}},{"type":"Feature","properties":{"stop_id":"80205","stop_code":"80205","stop_name":"Hollywood / Western Station","location_type":0,"parent_station":"80205S","routes":[{"route_id":"802","route_long_name":"Metro B Line","route_type":1,"route_url":"https://www.metro.net/b-line/","route_color":"#EB131B","route_text_color":"#FFFFFF"}],"agency_name":"Metro - Los Angeles"},"geometry":{"type":"Point","coordinates":[-118.30812,34.10174]}},{"type":"Feature","properties":{"stop_id":"80206","stop_code":"80206","stop_name":"Vermont / Sunset Station","location_type":0,"parent_station":"80206S","routes":[{"route_id":"802","route_long_name":"Metro B Line","route_type":1,"route_url":"https://www.metro.net/b-line/","route_color":"#EB131B","route_text_color":"#FFFFFF"}],"agency_name":"Metro - Los Angeles"},"geometry":{"type":"Point","coordinates":[-118.29176,34.09771]}},{"type":"Feature","properties":{"stop_id":"80207","stop_code":"80207","stop_name":"Vermont / Santa Monica Station","location_type":0,"parent_station":"80207S","routes":[{"route_id":"802","route_long_name":"Metro B Line","route_type":1,"route_url":"https://www.metro.net/b-line/","route_color":"#EB131B","route_text_color":"#FFFFFF"}],"agency_name":"Metro - Los Angeles"},"geometry":{"type":"Point","coordinates":[-118.29173,34.08991]}},{"type":"Feature","properties":{"stop_id":"80208","stop_code":"80208","stop_name":"Vermont / Beverly Station","location_type":0,"parent_station":"80208S","routes":[{"route_id":"802","route_long_name":"Metro B Line","route_type":1,"route_url":"https://www.metro.net/b-line/","route_color":"#EB131B","route_text_color":"#FFFFFF"}],"agency_name":"Metro - Los Angeles"},"geometry":{"type":"Point","coordinates":[-118.29169,34.07653]}},{"type":"Feature","properties":{"stop_id":"80209","stop_code":"80209","stop_name":"Wilshire / Vermont Station","location_type":0,"parent_station":"80209S","routes":[{"route_id":"802","route_long_name":"Metro B Line","route_type":1,"route_url":"https://www.metro.net/b-line/","route_color":"#EB131B","route_text_color":"#FFFFFF"},{"route_id":"805","route_long_name":"Metro D Line","route_type":1,"route_url":"https://www.metro.net/d-line/","route_color":"#A05DA5","route_text_color":"#FFFFFF"}],"agency_name":"Metro - Los Angeles"},"geometry":{"type":"Point","coordinates":[-118.29008,34.0627]}},{"type":"Feature","properties":{"stop_id":"80210","stop_code":"80210","stop_name":"Westlake / MacArthur Park Station","location_type":0,"parent_station":"80210S","routes":[{"route_id":"802","route_long_name":"Metro B Line","route_type":1,"route_url":"https://www.metro.net/b-line/","route_color":"#EB131B","route_text_color":"#FFFFFF"},{"route_id":"805","route_long_name":"Metro D Line","route_type":1,"route_url":"https://www.metro.net/d-line/","route_color":"#A05DA5","route_text_color":"#FFFFFF"}],"agency_name":"Metro - Los Angeles"},"geometry":{"type":"Point","coordinates":[-118.27488,34.05637]}},{"type":"Feature","properties":{"stop_id":"80211","stop_code":"80211","stop_name":"7th Street / Metro Center Station - Metro B & D Lines","location_type":0,"parent_station":"80122S","routes":[{"route_id":"802","route_long_name":"Metro B Line","route_type":1,"route_url":"https://www.metro.net/b-line/","route_color":"#EB131B","route_text_color":"#FFFFFF"},{"route_id":"805","route_long_name":"Metro D Line","route_type":1,"route_url":"https://www.metro.net/d-line/","route_color":"#A05DA5","route_text_color":"#FFFFFF"}],"agency_name":"Metro - Los Angeles"},"geometry":{"type":"Point","coordinates":[-118.25868,34.04863]}},{"type":"Feature","properties":{"stop_id":"80212","stop_code":"80212","stop_name":"Pershing Square Station","location_type":0,"parent_station":"80212S","routes":[{"route_id":"802","route_long_name":"Metro B Line","route_type":1,"route_url":"https://www.metro.net/b-line/","route_color":"#EB131B","route_text_color":"#FFFFFF"},{"route_id":"805","route_long_name":"Metro D Line","route_type":1,"route_url":"https://www.metro.net/d-line/","route_color":"#A05DA5","route_text_color":"#FFFFFF"}],"agency_name":"Metro - Los Angeles"},"geometry":{"type":"Point","coordinates":[-118.25126,34.04932]}},{"type":"Feature","properties":{"stop_id":"80213","stop_code":"80213","stop_name":"Civic Center / Grand Park Station","location_type":0,"parent_station":"80213S","routes":[{"route_id":"802","route_long_name":"Metro B Line","route_type":1,"route_url":"https://www.metro.net/b-line/","route_color":"#EB131B","route_text_color":"#FFFFFF"},{"route_id":"805","route_long_name":"Metro D Line","route_type":1,"route_url":"https://www.metro.net/d-line/","route_color":"#A05DA5","route_text_color":"#FFFFFF"}],"agency_name":"Metro - Los Angeles"},"geometry":{"type":"Point","coordinates":[-118.24606,34.0549]}},{"type":"Feature","properties":{"stop_id":"80214","stop_code":"80214","stop_name":"Union Station - Metro B & D Lines","location_type":0,"parent_station":"80214S","routes":[{"route_id":"802","route_long_name":"Metro B Line","route_type":1,"route_url":"https://www.metro.net/b-line/","route_color":"#EB131B","route_text_color":"#FFFFFF"},{"route_id":"805","route_long_name":"Metro D Line","route_type":1,"route_url":"https://www.metro.net/d-line/","route_color":"#A05DA5","route_text_color":"#FFFFFF"}],"agency_name":"Metro - Los Angeles"},"geometry":{"type":"Point","coordinates":[-118.23425,34.0562]}},{"type":"Feature","properties":{"stop_id":"80215","stop_code":"80215","stop_name":"Wilshire / Normandie Station","location_type":0,"parent_station":"80215S","routes":[{"route_id":"805","route_long_name":"Metro D Line","route_type":1,"route_url":"https://www.metro.net/d-line/","route_color":"#A05DA5","route_text_color":"#FFFFFF"}],"agency_name":"Metro - Los Angeles"},"geometry":{"type":"Point","coordinates":[-118.30146,34.06175]}},{"type":"Feature","properties":{"stop_id":"80216","stop_code":"80216","stop_name":"Wilshire / Western Station","location_type":0,"parent_station":"80216S","routes":[{"route_id":"805","route_long_name":"Metro D Line","route_type":1,"route_url":"https://www.metro.net/d-line/","route_color":"#A05DA5","route_text_color":"#FFFFFF"}],"agency_name":"Metro - Los Angeles"},"geometry":{"type":"Point","coordinates":[-118.30876,34.06169]}},{"type":"Feature","properties":{"stop_id":"80229","stop_code":"80229","stop_name":"Wilshire / La Brea Station","location_type":0,"parent_station":"80229S","routes":[{"route_id":"805","route_long_name":"Metro D Line","route_type":1,"route_url":"https://www.metro.net/d-line/","route_color":"#A05DA5","route_text_color":"#FFFFFF"}],"agency_name":"Metro - Los Angeles"},"geometry":{"type":"Point","coordinates":[-118.34345,34.06221]}},{"type":"Feature","properties":{"stop_id":"80230","stop_code":"80230","stop_name":"Wilshire / Fairfax Station","location_type":0,"parent_station":"80230S","routes":[{"route_id":"805","route_long_name":"Metro D Line","route_type":1,"route_url":"https://www.metro.net/d-line/","route_color":"#A05DA5","route_text_color":"#FFFFFF"}],"agency_name":"Metro - Los Angeles"},"geometry":{"type":"Point","coordinates":[-118.36117,34.06297]}},{"type":"Feature","properties":{"stop_id":"80231","stop_code":"80231","stop_name":"Wilshire / La Cienega Station","location_type":0,"parent_station":"80231S","routes":[{"route_id":"805","route_long_name":"Metro D Line","route_type":1,"route_url":"https://www.metro.net/d-line/","route_color":"#A05DA5","route_text_color":"#FFFFFF"}],"agency_name":"Metro - Los Angeles"},"geometry":{"type":"Point","coordinates":[-118.3747,34.06483]}},{"type":"Feature","properties":{"stop_id":"80301","stop_code":"80301","stop_name":"Redondo Beach Station","location_type":0,"parent_station":"80301S","routes":[{"route_id":"807","route_long_name":"Metro K Line","route_type":0,"route_url":"https://www.metro.net/k-line/","route_color":"#E56DB1","route_text_color":"#000000"}],"agency_name":"Metro - Los Angeles"},"geometry":{"type":"Point","coordinates":[-118.3692,33.89464]}},{"type":"Feature","properties":{"stop_id":"80302","stop_code":"80302","stop_name":"Douglas Station","location_type":0,"parent_station":"80302S","routes":[{"route_id":"807","route_long_name":"Metro K Line","route_type":0,"route_url":"https://www.metro.net/k-line/","route_color":"#E56DB1","route_text_color":"#000000"}],"agency_name":"Metro - Los Angeles"},"geometry":{"type":"Point","coordinates":[-118.38311,33.9053]}},{"type":"Feature","properties":{"stop_id":"80303","stop_code":"80303","stop_name":"El Segundo Station","location_type":0,"parent_station":"80303S","routes":[{"route_id":"807","route_long_name":"Metro K Line","route_type":0,"route_url":"https://www.metro.net/k-line/","route_color":"#E56DB1","route_text_color":"#000000"}],"agency_name":"Metro - Los Angeles"},"geometry":{"type":"Point","coordinates":[-118.38654,33.91606]}},{"type":"Feature","properties":{"stop_id":"80304","stop_code":"80304","stop_name":"Mariposa Station","location_type":0,"parent_station":"80304S","routes":[{"route_id":"807","route_long_name":"Metro K Line","route_type":0,"route_url":"https://www.metro.net/k-line/","route_color":"#E56DB1","route_text_color":"#000000"}],"agency_name":"Metro - Los Angeles"},"geometry":{"type":"Point","coordinates":[-118.38757,33.9232]}},{"type":"Feature","properties":{"stop_id":"80305","stop_code":"80305","stop_name":"Aviation / Imperial Station","location_type":0,"parent_station":"80305S","routes":[{"route_id":"803","route_long_name":"Metro C Line","route_type":0,"route_url":"https://www.metro.net/c-line/","route_color":"#58A738","route_text_color":"#FFFFFF"}],"agency_name":"Metro - Los Angeles"},"geometry":{"type":"Point","coordinates":[-118.37713,33.92962]}},{"type":"Feature","properties":{"stop_id":"80306","stop_code":"80306","stop_name":"Hawthorne / Lennox Station","location_type":0,"parent_station":"80306S","routes":[{"route_id":"803","route_long_name":"Metro C Line","route_type":0,"route_url":"https://www.metro.net/c-line/","route_color":"#58A738","route_text_color":"#FFFFFF"}],"agency_name":"Metro - Los Angeles"},"geometry":{"type":"Point","coordinates":[-118.3516,33.93341]}},{"type":"Feature","properties":{"stop_id":"80307","stop_code":"80307","stop_name":"Crenshaw C-Line Station","location_type":0,"parent_station":"80307S","routes":[{"route_id":"803","route_long_name":"Metro C Line","route_type":0,"route_url":"https://www.metro.net/c-line/","route_color":"#58A738","route_text_color":"#FFFFFF"}],"agency_name":"Metro - Los Angeles"},"geometry":{"type":"Point","coordinates":[-118.32655,33.9252]}},{"type":"Feature","properties":{"stop_id":"80308","stop_code":"80308","stop_name":"Vermont / Athens Station","location_type":0,"parent_station":"80308S","routes":[{"route_id":"803","route_long_name":"Metro C Line","route_type":0,"route_url":"https://www.metro.net/c-line/","route_color":"#58A738","route_text_color":"#FFFFFF"}],"agency_name":"Metro - Los Angeles"},"geometry":{"type":"Point","coordinates":[-118.29173,33.92868]}},{"type":"Feature","properties":{"stop_id":"80309","stop_code":"80309","stop_name":"Harbor Freeway Station","location_type":0,"parent_station":"80309S","routes":[{"route_id":"803","route_long_name":"Metro C Line","route_type":0,"route_url":"https://www.metro.net/c-line/","route_color":"#58A738","route_text_color":"#FFFFFF"}],"agency_name":"Metro - Los Angeles"},"geometry":{"type":"Point","coordinates":[-118.2811,33.92871]}},{"type":"Feature","properties":{"stop_id":"80310","stop_code":"80310","stop_name":"Avalon Station","location_type":0,"parent_station":"80310S","routes":[{"route_id":"803","route_long_name":"Metro C Line","route_type":0,"route_url":"https://www.metro.net/c-line/","route_color":"#58A738","route_text_color":"#FFFFFF"}],"agency_name":"Metro - Los Angeles"},"geometry":{"type":"Point","coordinates":[-118.26522,33.92747]}},{"type":"Feature","properties":{"stop_id":"80311","stop_code":"80311","stop_name":"Willowbrook - Rosa Parks Station - Metro C-Line","location_type":0,"parent_station":"80112S","routes":[{"route_id":"803","route_long_name":"Metro C Line","route_type":0,"route_url":"https://www.metro.net/c-line/","route_color":"#58A738","route_text_color":"#FFFFFF"}],"agency_name":"Metro - Los Angeles"},"geometry":{"type":"Point","coordinates":[-118.23805,33.92826]}},{"type":"Feature","properties":{"stop_id":"80312","stop_code":"80312","stop_name":"Lynwood Station","location_type":0,"parent_station":"80312S","routes":[{"route_id":"803","route_long_name":"Metro C Line","route_type":0,"route_url":"https://www.metro.net/c-line/","route_color":"#58A738","route_text_color":"#FFFFFF"}],"agency_name":"Metro - Los Angeles"},"geometry":{"type":"Point","coordinates":[-118.20994,33.92488]}},{"type":"Feature","properties":{"stop_id":"80313","stop_code":"80313","stop_name":"Lakewood Blvd Station","location_type":0,"parent_station":"80313S","routes":[{"route_id":"803","route_long_name":"Metro C Line","route_type":0,"route_url":"https://www.metro.net/c-line/","route_color":"#58A738","route_text_color":"#FFFFFF"}],"agency_name":"Metro - Los Angeles"},"geometry":{"type":"Point","coordinates":[-118.1406,33.91307]}},{"type":"Feature","properties":{"stop_id":"80314","stop_code":"80314","stop_name":"Norwalk Station","location_type":0,"parent_station":"80314S","routes":[{"route_id":"803","route_long_name":"Metro C Line","route_type":0,"route_url":"https://www.metro.net/c-line/","route_color":"#58A738","route_text_color":"#FFFFFF"}],"agency_name":"Metro - Los Angeles"},"geometry":{"type":"Point","coordinates":[-118.10472,33.91403]}},{"type":"Feature","properties":{"stop_id":"80401","stop_code":"80401","stop_name":"Atlantic Station","location_type":0,"parent_station":"80401S","routes":[{"route_id":"804","route_long_name":"Metro E Line","route_type":0,"route_url":"https://www.metro.net/e-line/","route_color":"#FDB913","route_text_color":"#000000"}],"agency_name":"Metro - Los Angeles"},"geometry":{"type":"Point","coordinates":[-118.15447,34.0334]}},{"type":"Feature","properties":{"stop_id":"80402","stop_code":"80402","stop_name":"East LA Civic Center Station","location_type":0,"parent_station":"80402S","routes":[{"route_id":"804","route_long_name":"Metro E Line","route_type":0,"route_url":"https://www.metro.net/e-line/","route_color":"#FDB913","route_text_color":"#000000"}],"agency_name":"Metro - Los Angeles"},"geometry":{"type":"Point","coordinates":[-118.16121,34.03336]}},{"type":"Feature","properties":{"stop_id":"80403","stop_code":"80403","stop_name":"Maravilla Station","location_type":0,"parent_station":"80403S","routes":[{"route_id":"804","route_long_name":"Metro E Line","route_type":0,"route_url":"https://www.metro.net/e-line/","route_color":"#FDB913","route_text_color":"#000000"}],"agency_name":"Metro - Los Angeles"},"geometry":{"type":"Point","coordinates":[-118.16814,34.03332]}},{"type":"Feature","properties":{"stop_id":"80404","stop_code":"80404","stop_name":"Indiana Station","location_type":0,"parent_station":"80404S","routes":[{"route_id":"804","route_long_name":"Metro E Line","route_type":0,"route_url":"https://www.metro.net/e-line/","route_color":"#FDB913","route_text_color":"#000000"}],"agency_name":"Metro - Los Angeles"},"geometry":{"type":"Point","coordinates":[-118.19218,34.0343]}},{"type":"Feature","properties":{"stop_id":"80405","stop_code":"80405","stop_name":"Soto Station","location_type":0,"parent_station":"80405S","routes":[{"route_id":"804","route_long_name":"Metro E Line","route_type":0,"route_url":"https://www.metro.net/e-line/","route_color":"#FDB913","route_text_color":"#000000"}],"agency_name":"Metro - Los Angeles"},"geometry":{"type":"Point","coordinates":[-118.21006,34.04375]}},{"type":"Feature","properties":{"stop_id":"80406","stop_code":"80406","stop_name":"Mariachi Plaza / Boyle Heights Station","location_type":0,"parent_station":"80406S","routes":[{"route_id":"804","route_long_name":"Metro E Line","route_type":0,"route_url":"https://www.metro.net/e-line/","route_color":"#FDB913","route_text_color":"#000000"}],"agency_name":"Metro - Los Angeles"},"geometry":{"type":"Point","coordinates":[-118.21965,34.04722]}},{"type":"Feature","properties":{"stop_id":"80407","stop_code":"80407","stop_name":"Pico / Aliso Station","location_type":0,"parent_station":"80407S","routes":[{"route_id":"804","route_long_name":"Metro E Line","route_type":0,"route_url":"https://www.metro.net/e-line/","route_color":"#FDB913","route_text_color":"#000000"}],"agency_name":"Metro - Los Angeles"},"geometry":{"type":"Point","coordinates":[-118.22594,34.04763]}},{"type":"Feature","properties":{"stop_id":"80409","stop_code":"80409","stop_name":"Union Station - Metro A-Line","location_type":0,"parent_station":"80214S","routes":[{"route_id":"801","route_long_name":"Metro A Line","route_type":0,"route_url":"https://www.metro.net/a-line/","route_color":"#0072BC","route_text_color":"#FFFFFF"}],"agency_name":"Metro - Los Angeles"},"geometry":{"type":"Point","coordinates":[-118.23476,34.05606]}},{"type":"Feature","properties":{"stop_id":"80410","stop_code":"80410","stop_name":"Chinatown Station","location_type":0,"parent_station":"80410S","routes":[{"route_id":"801","route_long_name":"Metro A Line","route_type":0,"route_url":"https://www.metro.net/a-line/","route_color":"#0072BC","route_text_color":"#FFFFFF"}],"agency_name":"Metro - Los Angeles"},"geometry":{"type":"Point","coordinates":[-118.23584,34.06386]}},{"type":"Feature","properties":{"stop_id":"80411","stop_code":"80411","stop_name":"Lincoln Heights / Cypress Park Station","location_type":0,"parent_station":"80411S","routes":[{"route_id":"801","route_long_name":"Metro A Line","route_type":0,"route_url":"https://www.metro.net/a-line/","route_color":"#0072BC","route_text_color":"#FFFFFF"}],"agency_name":"Metro - Los Angeles"},"geometry":{"type":"Point","coordinates":[-118.22043,34.08095]}},{"type":"Feature","properties":{"stop_id":"80412","stop_code":"80412","stop_name":"Heritage Square / Arroyo Station","location_type":0,"parent_station":"80412S","routes":[{"route_id":"801","route_long_name":"Metro A Line","route_type":0,"route_url":"https://www.metro.net/a-line/","route_color":"#0072BC","route_text_color":"#FFFFFF"}],"agency_name":"Metro - Los Angeles"},"geometry":{"type":"Point","coordinates":[-118.21321,34.08723]}},{"type":"Feature","properties":{"stop_id":"80413","stop_code":"80413","stop_name":"Southwest Museum Station","location_type":0,"parent_station":"80413S","routes":[{"route_id":"801","route_long_name":"Metro A Line","route_type":0,"route_url":"https://www.metro.net/a-line/","route_color":"#0072BC","route_text_color":"#FFFFFF"}],"agency_name":"Metro - Los Angeles"},"geometry":{"type":"Point","coordinates":[-118.20671,34.09824]}},{"type":"Feature","properties":{"stop_id":"80414","stop_code":"80414","stop_name":"Highland Park Station","location_type":0,"parent_station":"80414S","routes":[{"route_id":"801","route_long_name":"Metro A Line","route_type":0,"route_url":"https://www.metro.net/a-line/","route_color":"#0072BC","route_text_color":"#FFFFFF"}],"agency_name":"Metro - Los Angeles"},"geometry":{"type":"Point","coordinates":[-118.19261,34.11118]}},{"type":"Feature","properties":{"stop_id":"80415","stop_code":"80415","stop_name":"South Pasadena Station","location_type":0,"parent_station":"80415S","routes":[{"route_id":"801","route_long_name":"Metro A Line","route_type":0,"route_url":"https://www.metro.net/a-line/","route_color":"#0072BC","route_text_color":"#FFFFFF"}],"agency_name":"Metro - Los Angeles"},"geometry":{"type":"Point","coordinates":[-118.15789,34.11519]}},{"type":"Feature","properties":{"stop_id":"80416","stop_code":"80416","stop_name":"Fillmore Station","location_type":0,"parent_station":"80416S","routes":[{"route_id":"801","route_long_name":"Metro A Line","route_type":0,"route_url":"https://www.metro.net/a-line/","route_color":"#0072BC","route_text_color":"#FFFFFF"}],"agency_name":"Metro - Los Angeles"},"geometry":{"type":"Point","coordinates":[-118.14813,34.13352]}},{"type":"Feature","properties":{"stop_id":"80417","stop_code":"80417","stop_name":"Del Mar Station","location_type":0,"parent_station":"80417S","routes":[{"route_id":"801","route_long_name":"Metro A Line","route_type":0,"route_url":"https://www.metro.net/a-line/","route_color":"#0072BC","route_text_color":"#FFFFFF"}],"agency_name":"Metro - Los Angeles"},"geometry":{"type":"Point","coordinates":[-118.14821,34.14191]}},{"type":"Feature","properties":{"stop_id":"80418","stop_code":"80418","stop_name":"Memorial Park Station","location_type":0,"parent_station":"80418S","routes":[{"route_id":"801","route_long_name":"Metro A Line","route_type":0,"route_url":"https://www.metro.net/a-line/","route_color":"#0072BC","route_text_color":"#FFFFFF"}],"agency_name":"Metro - Los Angeles"},"geometry":{"type":"Point","coordinates":[-118.14751,34.14836]}},{"type":"Feature","properties":{"stop_id":"80419","stop_code":"80419","stop_name":"Lake Station","location_type":0,"parent_station":"80419S","routes":[{"route_id":"801","route_long_name":"Metro A Line","route_type":0,"route_url":"https://www.metro.net/a-line/","route_color":"#0072BC","route_text_color":"#FFFFFF"}],"agency_name":"Metro - Los Angeles"},"geometry":{"type":"Point","coordinates":[-118.13139,34.15181]}},{"type":"Feature","properties":{"stop_id":"80420","stop_code":"80420","stop_name":"Allen Station","location_type":0,"parent_station":"80420S","routes":[{"route_id":"801","route_long_name":"Metro A Line","route_type":0,"route_url":"https://www.metro.net/a-line/","route_color":"#0072BC","route_text_color":"#FFFFFF"}],"agency_name":"Metro - Los Angeles"},"geometry":{"type":"Point","coordinates":[-118.11435,34.15242]}},{"type":"Feature","properties":{"stop_id":"80421","stop_code":"80421","stop_name":"Sierra Madre Villa Station","location_type":0,"parent_station":"80421S","routes":[{"route_id":"801","route_long_name":"Metro A Line","route_type":0,"route_url":"https://www.metro.net/a-line/","route_color":"#0072BC","route_text_color":"#FFFFFF"}],"agency_name":"Metro - Los Angeles"},"geometry":{"type":"Point","coordinates":[-118.08121,34.14775]}},{"type":"Feature","properties":{"stop_id":"80422","stop_code":"80422","stop_name":"Arcadia Station","location_type":0,"parent_station":"80422S","routes":[{"route_id":"801","route_long_name":"Metro A Line","route_type":0,"route_url":"https://www.metro.net/a-line/","route_color":"#0072BC","route_text_color":"#FFFFFF"}],"agency_name":"Metro - Los Angeles"},"geometry":{"type":"Point","coordinates":[-118.0292,34.14286]}},{"type":"Feature","properties":{"stop_id":"80423","stop_code":"80423","stop_name":"Monrovia Station","location_type":0,"parent_station":"80423S","routes":[{"route_id":"801","route_long_name":"Metro A Line","route_type":0,"route_url":"https://www.metro.net/a-line/","route_color":"#0072BC","route_text_color":"#FFFFFF"}],"agency_name":"Metro - Los Angeles"},"geometry":{"type":"Point","coordinates":[-118.00347,34.13316]}},{"type":"Feature","properties":{"stop_id":"80424","stop_code":"80424","stop_name":"Duarte / City of Hope Station","location_type":0,"parent_station":"80424S","routes":[{"route_id":"801","route_long_name":"Metro A Line","route_type":0,"route_url":"https://www.metro.net/a-line/","route_color":"#0072BC","route_text_color":"#FFFFFF"}],"agency_name":"Metro - Los Angeles"},"geometry":{"type":"Point","coordinates":[-117.96768,34.13252]}},{"type":"Feature","properties":{"stop_id":"80425","stop_code":"80425","stop_name":"Irwindale Station","location_type":0,"parent_station":"80425S","routes":[{"route_id":"801","route_long_name":"Metro A Line","route_type":0,"route_url":"https://www.metro.net/a-line/","route_color":"#0072BC","route_text_color":"#FFFFFF"}],"agency_name":"Metro - Los Angeles"},"geometry":{"type":"Point","coordinates":[-117.93251,34.12905]}},{"type":"Feature","properties":{"stop_id":"80426","stop_code":"80426","stop_name":"Azusa Downtown Station","location_type":0,"parent_station":"80426S","routes":[{"route_id":"801","route_long_name":"Metro A Line","route_type":0,"route_url":"https://www.metro.net/a-line/","route_color":"#0072BC","route_text_color":"#FFFFFF"}],"agency_name":"Metro - Los Angeles"},"geometry":{"type":"Point","coordinates":[-117.90663,34.13586]}},{"type":"Feature","properties":{"stop_id":"80427","stop_code":"80427","stop_name":"APU / Citrus College Station","location_type":0,"parent_station":"80427S","routes":[{"route_id":"801","route_long_name":"Metro A Line","route_type":0,"route_url":"https://www.metro.net/a-line/","route_color":"#0072BC","route_text_color":"#FFFFFF"}],"agency_name":"Metro - Los Angeles"},"geometry":{"type":"Point","coordinates":[-117.89164,34.13681]}},{"type":"Feature","properties":{"stop_id":"80701","stop_code":"80701","stop_name":"Aviation / Century Station","location_type":0,"parent_station":"80701S","routes":[{"route_id":"803","route_long_name":"Metro C Line","route_type":0,"route_url":"https://www.metro.net/c-line/","route_color":"#58A738","route_text_color":"#FFFFFF"},{"route_id":"807","route_long_name":"Metro K Line","route_type":0,"route_url":"https://www.metro.net/k-line/","route_color":"#E56DB1","route_text_color":"#000000"}],"agency_name":"Metro - Los Angeles"},"geometry":{"type":"Point","coordinates":[-118.37868,33.94557]}},{"type":"Feature","properties":{"stop_id":"80702","stop_code":"80702","stop_name":"LAX / Metro Transit Center","location_type":0,"parent_station":"80702S","routes":[{"route_id":"803","route_long_name":"Metro C Line","route_type":0,"route_url":"https://www.metro.net/c-line/","route_color":"#58A738","route_text_color":"#FFFFFF"},{"route_id":"807","route_long_name":"Metro K Line","route_type":0,"route_url":"https://www.metro.net/k-line/","route_color":"#E56DB1","route_text_color":"#000000"}],"agency_name":"Metro - Los Angeles"},"geometry":{"type":"Point","coordinates":[-118.37866,33.95008]}},{"type":"Feature","properties":{"stop_id":"80703","stop_code":"80703","stop_name":"Westchester / Veterans Station","location_type":0,"parent_station":"80703S","routes":[{"route_id":"807","route_long_name":"Metro K Line","route_type":0,"route_url":"https://www.metro.net/k-line/","route_color":"#E56DB1","route_text_color":"#000000"}],"agency_name":"Metro - Los Angeles"},"geometry":{"type":"Point","coordinates":[-118.37438,33.96203]}},{"type":"Feature","properties":{"stop_id":"80704","stop_code":"80704","stop_name":"Downtown Inglewood Station","location_type":0,"parent_station":"80704S","routes":[{"route_id":"807","route_long_name":"Metro K Line","route_type":0,"route_url":"https://www.metro.net/k-line/","route_color":"#E56DB1","route_text_color":"#000000"}],"agency_name":"Metro - Los Angeles"},"geometry":{"type":"Point","coordinates":[-118.3515,33.96716]}},{"type":"Feature","properties":{"stop_id":"80705","stop_code":"80705","stop_name":"Fairview Heights Station","location_type":0,"parent_station":"80705S","routes":[{"route_id":"807","route_long_name":"Metro K Line","route_type":0,"route_url":"https://www.metro.net/k-line/","route_color":"#E56DB1","route_text_color":"#000000"}],"agency_name":"Metro - Los Angeles"},"geometry":{"type":"Point","coordinates":[-118.33607,33.97525]}},{"type":"Feature","properties":{"stop_id":"80706","stop_code":"80706","stop_name":"Hyde Park Station","location_type":0,"parent_station":"80706S","routes":[{"route_id":"807","route_long_name":"Metro K Line","route_type":0,"route_url":"https://www.metro.net/k-line/","route_color":"#E56DB1","route_text_color":"#000000"}],"agency_name":"Metro - Los Angeles"},"geometry":{"type":"Point","coordinates":[-118.33082,33.98819]}},{"type":"Feature","properties":{"stop_id":"80707","stop_code":"80707","stop_name":"Leimert Park Station","location_type":0,"parent_station":"80707S","routes":[{"route_id":"807","route_long_name":"Metro K Line","route_type":0,"route_url":"https://www.metro.net/k-line/","route_color":"#E56DB1","route_text_color":"#000000"}],"agency_name":"Metro - Los Angeles"},"geometry":{"type":"Point","coordinates":[-118.33202,34.00391]}},{"type":"Feature","properties":{"stop_id":"80708","stop_code":"80708","stop_name":"Martin Luther King Jr Station","location_type":0,"parent_station":"80708S","routes":[{"route_id":"807","route_long_name":"Metro K Line","route_type":0,"route_url":"https://www.metro.net/k-line/","route_color":"#E56DB1","route_text_color":"#000000"}],"agency_name":"Metro - Los Angeles"},"geometry":{"type":"Point","coordinates":[-118.33536,34.00956]}},{"type":"Feature","properties":{"stop_id":"80709","stop_code":"80709","stop_name":"Expo / Crenshaw K-Line Station","location_type":0,"parent_station":"80709S","routes":[{"route_id":"807","route_long_name":"Metro K Line","route_type":0,"route_url":"https://www.metro.net/k-line/","route_color":"#E56DB1","route_text_color":"#000000"}],"agency_name":"Metro - Los Angeles"},"geometry":{"type":"Point","coordinates":[-118.33485,34.02216]}},{"type":"Feature","properties":{"stop_id":"81401","stop_code":"81401","stop_name":"Grand Ave Arts / Bunker Hill Station","location_type":0,"parent_station":"81401S","routes":[{"route_id":"801","route_long_name":"Metro A Line","route_type":0,"route_url":"https://www.metro.net/a-line/","route_color":"#0072BC","route_text_color":"#FFFFFF"},{"route_id":"804","route_long_name":"Metro E Line","route_type":0,"route_url":"https://www.metro.net/e-line/","route_color":"#FDB913","route_text_color":"#000000"}],"agency_name":"Metro - Los Angeles"},"geometry":{"type":"Point","coordinates":[-118.25153,34.05472]}},{"type":"Feature","properties":{"stop_id":"81402","stop_code":"81402","stop_name":"Historic Broadway Station","location_type":0,"parent_station":"81402S","routes":[{"route_id":"801","route_long_name":"Metro A Line","route_type":0,"route_url":"https://www.metro.net/a-line/","route_color":"#0072BC","route_text_color":"#FFFFFF"},{"route_id":"804","route_long_name":"Metro E Line","route_type":0,"route_url":"https://www.metro.net/e-line/","route_color":"#FDB913","route_text_color":"#000000"}],"agency_name":"Metro - Los Angeles"},"geometry":{"type":"Point","coordinates":[-118.24632,34.05216]}},{"type":"Feature","properties":{"stop_id":"81403","stop_code":"81403","stop_name":"Little Tokyo / Arts District Station","location_type":0,"parent_station":"81403S","routes":[{"route_id":"801","route_long_name":"Metro A Line","route_type":0,"route_url":"https://www.metro.net/a-line/","route_color":"#0072BC","route_text_color":"#FFFFFF"},{"route_id":"804","route_long_name":"Metro E Line","route_type":0,"route_url":"https://www.metro.net/e-line/","route_color":"#FDB913","route_text_color":"#000000"}],"agency_name":"Metro - Los Angeles"},"geometry":{"type":"Point","coordinates":[-118.23876,34.04885]}}]}