{"type":"FeatureCollection","crs":{"type":"name","properties":{"name":"EPSG:4326"}},"features":[{"type":"Feature","id":1,"geometry":{"type":"LineString","coordinates":[[-118.1395,33.762222],[-118.136298,33.763032],[-118.133637,33.763727],[-118.132982,33.763968],[-118.13251,33.764245],[-118.132135,33.764584],[-118.131813,33.764985],[-118.131577,33.765431],[-118.131437,33.765868],[-118.131416,33.766323],[-118.13148,33.766733],[-118.131523,33.767126],[-118.131598,33.767518],[-118.131663,33.767786]]},"properties":{"OID":1,"Name":"Alamitos Heights Line (Long Beach Local)"}},{"type":"Feature","id":2,"geometry":{"type":"LineString","coordinates":[[-118.280354,34.092473],[-118.284066,34.095778],[-118.285976,34.097395],[-118.288851,34.099332],[-118.292198,34.101518],[-118.292627,34.101713],[-118.293185,34.101766],[-118.301168,34.101748],[-118.313034,34.101713],[-118.327646,34.101642],[-118.34434,34.101535],[-118.344877,34.101375],[-118.347559,34.099812],[-118.350177,34.09983],[-118.351014,34.099368],[-118.351593,34.099048],[-118.352258,34.098461],[-118.353095,34.097768],[-118.361485,34.090856],[-118.365798,34.090814]]},"properties":{"OID":2,"Name":"Subway - Hollywood Line"}},{"type":"Feature","id":3,"geometry":{"type":"LineString","coordinates":[[-118.25145,34.050148],[-118.258703,34.054575],[-118.259432,34.055695],[-118.259432,34.057099],[-118.259454,34.059659],[-118.259518,34.061206],[-118.259947,34.064441],[-118.26087,34.06821],[-118.261428,34.07068],[-118.261449,34.071658],[-118.261771,34.073293],[-118.261578,34.07587],[-118.260334,34.078465],[-118.260269,34.078838],[-118.260033,34.08321],[-118.259926,34.085716],[-118.259819,34.086622],[-118.259733,34.086942],[-118.259282,34.089537],[-118.259153,34.08999],[-118.25896,34.090425],[-118.258724,34.09086],[-118.258424,34.09126],[-118.256793,34.092931],[-118.255978,34.093577],[-118.25527,34.094286],[-118.254578,34.095088],[-118.253961,34.095916],[-118.25351,34.096609],[-118.253424,34.09712],[-118.253403,34.097622],[-118.253538,34.098018],[-118.253706,34.098397],[-118.253729,34.098656],[-118.253698,34.098914],[-118.253682,34.100607],[-118.253778,34.101811],[-118.253488,34.102952],[-118.253483,34.103299],[-118.253596,34.103619],[-118.25377,34.103901],[-118.254062,34.104138],[-118.254382,34.104349],[-118.254733,34.104516],[-118.255578,34.104732],[-118.256113,34.104974],[-118.256541,34.105198],[-118.258148,34.10693],[-118.258656,34.107242],[-118.259212,34.107478],[-118.261857,34.108673],[-118.263187,34.109331],[-118.263552,34.109619],[-118.263901,34.109917],[-118.264223,34.110263],[-118.264475,34.110663],[-118.264794,34.111427],[-118.26492,34.112182],[-118.264845,34.11291],[-118.2647,34.113674],[-118.264614,34.11417],[-118.264526,34.114638],[-118.264423,34.114778],[-118.264266,34.114883],[-118.263987,34.115128],[-118.263498,34.115555],[-118.262329,34.116668],[-118.260248,34.118604],[-118.257608,34.121073],[-118.256321,34.122264],[-118.255441,34.12317],[-118.255034,34.124093],[-118.254883,34.125035],[-118.254862,34.127095],[-118.254883,34.129511],[-118.254948,34.136793],[-118.254948,34.140487],[-118.255034,34.150077],[-118.255055,34.156043],[-118.255055,34.159204],[-118.255463,34.159435],[-118.256471,34.159506],[-118.259432,34.15947],[-118.262522,34.159417],[-118.264861,34.159577],[-118.270826,34.160003],[-118.272522,34.160234],[-118.274367,34.160731],[-118.275869,34.161352],[-118.277199,34.162133],[-118.279967,34.164086],[-118.28368,34.166767],[-118.294666,34.17481],[-118.307218,34.183921],[-118.307538,34.183925],[-118.308225,34.184417]]},"properties":{"OID":3,"Name":"Glendale-Burbank Line"}},{"type":"Feature","id":4,"geometry":{"type":"LineString","coordinates":[[-118.255055,34.159261],[-118.255126,34.166581]]},"properties":{"OID":4,"Name":"North Glendale Short Line"}},{"type":"Feature","id":5,"geometry":{"type":"LineString","coordinates":[[-118.248424,34.092602],[-118.249562,34.090758],[-118.249742,34.090443],[-118.249854,34.090196],[-118.249902,34.089959],[-118.249959,34.08929],[-118.25008,34.088071],[-118.250168,34.087715],[-118.250267,34.087473],[-118.250447,34.087209],[-118.250785,34.08692],[-118.251477,34.086407],[-118.252628,34.085534],[-118.253312,34.08499],[-118.253572,34.084763],[-118.253666,34.084654],[-118.254154,34.083877],[-118.254253,34.083723],[-118.254376,34.083457],[-118.254417,34.083339],[-118.254465,34.083141],[-118.254478,34.08297],[-118.254505,34.082177],[-118.254521,34.081573],[-118.254548,34.081415],[-118.254669,34.08106],[-118.254754,34.080873],[-118.255262,34.080076],[-118.255648,34.079478],[-118.256133,34.078692],[-118.256699,34.077778],[-118.25719,34.076976],[-118.257305,34.076803],[-118.257305,34.076745],[-118.256822,34.076537],[-118.255138,34.075806],[-118.254532,34.075555],[-118.253212,34.07497],[-118.25259,34.074697],[-118.252306,34.074508],[-118.251954,34.074208],[-118.251764,34.073924],[-118.251434,34.073257],[-118.250903,34.072362],[-118.25071,34.072022],[-118.250619,34.07158],[-118.250468,34.070385],[-118.250455,34.069658],[-118.250444,34.069325],[-118.250388,34.068992],[-118.250252,34.068378],[-118.250104,34.067954],[-118.249865,34.067223],[-118.249634,34.066474],[-118.249374,34.065619],[-118.249286,34.065334],[-118.249192,34.065159],[-118.249025,34.06497],[-118.248714,34.064703],[-118.247655,34.063821],[-118.246627,34.062946],[-118.245866,34.062272],[-118.245646,34.062077],[-118.24555,34.062001],[-118.245457,34.061926],[-118.245302,34.061795],[-118.244648,34.061264],[-118.243884,34.060655],[-118.243484,34.060375],[-118.243237,34.060219],[-118.243192,34.060104],[-118.243202,34.05997],[-118.243218,34.05961],[-118.244446,34.058466],[-118.243178,34.05729],[-118.243464,34.057135],[-118.244028,34.056822],[-118.244482,34.056515],[-118.244672,34.056348],[-118.244932,34.056117],[-118.245436,34.055564],[-118.246249,34.054693],[-118.247136,34.053766],[-118.247432,34.053464],[-118.247977,34.052902],[-118.248996,34.051808],[-118.249876,34.050839],[-118.251112,34.049513],[-118.251933,34.048622],[-118.252947,34.047521],[-118.253816,34.046621],[-118.25483,34.045494],[-118.25565,34.044603],[-118.256742,34.043412],[-118.257807,34.042279],[-118.258866,34.041187],[-118.2598,34.040185],[-118.260784,34.039129],[-118.261152,34.038729]]},"properties":{"OID":5,"Name":"Echo Park Local Line"}},{"type":"Feature","id":6,"geometry":{"type":"LineString","coordinates":[[-118.249249,34.044377],[-118.245447,34.042022],[-118.246248,34.041206],[-118.247104,34.040403],[-118.248789,34.038788],[-118.249556,34.038022],[-118.250296,34.037379],[-118.250313,34.03727],[-118.24703,34.034354],[-118.24409,34.032025],[-118.241279,34.029588],[-118.241345,34.028948],[-118.241732,34.026245],[-118.242427,34.024013],[-118.242824,34.022662],[-118.242931,34.021879],[-118.243017,34.020812],[-118.243028,34.017228],[-118.243103,34.012399],[-118.243156,34.007108],[-118.243232,34.001825],[-118.243296,33.997528],[-118.24336,33.988864],[-118.24335,33.984514],[-118.24335,33.980867],[-118.243328,33.974603],[-118.243264,33.96769],[-118.243285,33.961506],[-118.243221,33.955855],[-118.243189,33.944481],[-118.243178,33.942371],[-118.243135,33.940564],[-118.243006,33.938962],[-118.242835,33.938134],[-118.242502,33.937405],[-118.240571,33.933737],[-118.238382,33.929589],[-118.23555,33.924168],[-118.232664,33.918621],[-118.229949,33.913368],[-118.228147,33.909967],[-118.225572,33.904989],[-118.224832,33.903288],[-118.224639,33.902567],[-118.224456,33.900029],[-118.224038,33.894143],[-118.223802,33.890233],[-118.223469,33.88513],[-118.223136,33.880543],[-118.222922,33.87755],[-118.222696,33.876463],[-118.222042,33.874753],[-118.220272,33.870352],[-118.218781,33.866762],[-118.216871,33.862076],[-118.215594,33.858958],[-118.213899,33.854824],[-118.211903,33.8502],[-118.210273,33.846422],[-118.208116,33.841298],[-118.205895,33.835951],[-118.205209,33.834365],[-118.204447,33.832689],[-118.203288,33.830479],[-118.201142,33.82711],[-118.198568,33.823224],[-118.196014,33.819677],[-118.194265,33.816575],[-118.192699,33.813054],[-118.191165,33.809854],[-118.189266,33.805851],[-118.189255,33.80495],[-118.189341,33.804407],[-118.189351,33.803399],[-118.189362,33.800894],[-118.189351,33.796846],[-118.189341,33.79237],[-118.189341,33.788385],[-118.189373,33.782366],[-118.189351,33.77648],[-118.189384,33.769479],[-118.189373,33.767027],[-118.189437,33.766884],[-118.189598,33.766857],[-118.192956,33.767036],[-118.198074,33.767312],[-118.201464,33.767312],[-118.203245,33.767303],[-118.203803,33.767312],[-118.204114,33.767553],[-118.204157,33.768659],[-118.204146,33.77187]]},"properties":{"OID":6,"Name":"Long Beach Line"}},{"type":"Feature","id":7,"geometry":{"type":"LineString","coordinates":[[-118.251541,34.04981],[-118.251112,34.049544],[-118.25314,34.047352],[-118.255189,34.045134],[-118.257394,34.042752],[-118.259314,34.040734],[-118.261364,34.038525],[-118.262141,34.037653],[-118.26308,34.036502],[-118.264523,34.034755],[-118.264593,34.034737],[-118.26573,34.035395],[-118.266202,34.035666],[-118.267366,34.036164],[-118.267586,34.036275],[-118.26771,34.036449],[-118.267779,34.036511],[-118.268944,34.037044],[-118.269995,34.037489],[-118.270081,34.03752],[-118.270252,34.037547],[-118.270376,34.037573],[-118.271588,34.038098],[-118.274657,34.039503],[-118.27809,34.041054],[-118.279495,34.041712],[-118.27993,34.041885],[-118.282172,34.042908],[-118.283819,34.043654],[-118.284699,34.043881],[-118.286308,34.044219],[-118.290793,34.044214],[-118.295422,34.044201],[-118.296645,34.044174],[-118.298115,34.044028],[-118.301216,34.043632],[-118.3018,34.043588],[-118.304365,34.043556],[-118.307776,34.043548],[-118.312653,34.043534],[-118.314294,34.043516],[-118.3146,34.04353],[-118.315319,34.043521],[-118.317663,34.043534],[-118.320088,34.043548],[-118.323151,34.043539],[-118.32483,34.043552],[-118.325061,34.043588],[-118.326697,34.044112],[-118.328741,34.044766],[-118.329492,34.045001],[-118.333392,34.046308],[-118.334379,34.046681],[-118.334843,34.046835],[-118.335301,34.046964],[-118.336079,34.047213],[-118.336854,34.047499],[-118.337651,34.047815],[-118.337903,34.047926],[-118.338177,34.048028],[-118.33896,34.048317],[-118.341465,34.04921],[-118.344619,34.050357],[-118.348718,34.051859],[-118.352248,34.053117],[-118.354366,34.053855],[-118.355412,34.054206],[-118.358744,34.055424],[-118.35928,34.055642],[-118.359806,34.055962],[-118.362671,34.057979],[-118.3659,34.06013],[-118.36899,34.062192],[-118.371254,34.063712],[-118.3723,34.064592],[-118.372536,34.064832],[-118.372836,34.065263],[-118.37422,34.067476],[-118.375497,34.069716],[-118.375824,34.070378],[-118.376693,34.071493],[-118.377096,34.071796],[-118.37767,34.072067],[-118.378485,34.072235],[-118.381274,34.072244],[-118.385464,34.072218],[-118.390941,34.072231],[-118.395812,34.072213],[-118.398467,34.072209],[-118.398886,34.072084],[-118.399291,34.071989],[-118.399951,34.071942],[-118.400624,34.07194],[-118.401308,34.071949],[-118.401508,34.071936],[-118.401702,34.071904],[-118.402094,34.071844],[-118.402469,34.071844],[-118.402861,34.071898],[-118.403118,34.071889],[-118.404003,34.071213],[-118.406337,34.069623],[-118.409867,34.067236],[-118.413659,34.064614],[-118.418133,34.061468],[-118.421856,34.058935],[-118.424887,34.056904],[-118.428776,34.054237],[-118.431555,34.052388],[-118.433776,34.050846],[-118.434291,34.050517],[-118.434752,34.050313],[-118.435219,34.050179],[-118.438282,34.049339],[-118.442976,34.048055],[-118.446136,34.047104],[-118.447219,34.046815],[-118.450937,34.045761],[-118.451918,34.04549],[-118.452364,34.045339],[-118.452991,34.04509],[-118.455003,34.044192],[-118.458581,34.04261],[-118.462062,34.04109],[-118.465775,34.039449],[-118.467706,34.038614],[-118.471847,34.035262],[-118.474508,34.03311],[-118.477625,34.030612],[-118.479411,34.029189],[-118.48241,34.026722],[-118.484808,34.024752],[-118.487023,34.022996],[-118.489668,34.020848],[-118.49221,34.018776],[-118.494871,34.01662],[-118.496717,34.015126],[-118.497967,34.014108],[-118.498004,34.014041],[-118.497376,34.013476],[-118.494662,34.011217],[-118.492565,34.009452],[-118.490188,34.007402],[-118.487434,34.004779],[-118.486505,34.003962],[-118.486264,34.003872],[-118.485336,34.00294],[-118.484796,34.002415],[-118.484271,34.001924],[-118.48168,33.999335],[-118.48109,33.998921],[-118.479631,33.997427],[-118.479107,33.996898],[-118.478286,33.99607],[-118.477767,33.995579],[-118.477026,33.994905],[-118.476456,33.994358],[-118.477161,33.993951],[-118.47668,33.993301],[-118.476173,33.992661],[-118.475316,33.991594],[-118.47448,33.990502],[-118.473108,33.988754],[-118.472369,33.987821]]},"properties":{"OID":7,"Name":"Santa Monica via Sawtelle Line"}},{"type":"Feature","id":8,"geometry":{"type":"LineString","coordinates":[[-118.335454,34.046997],[-118.33619,34.047098],[-118.336925,34.047168],[-118.337592,34.047157],[-118.338676,34.04697],[-118.340585,34.046641],[-118.343396,34.046215],[-118.345413,34.04593],[-118.350456,34.045166],[-118.353846,34.044766],[-118.359457,34.04393],[-118.361217,34.043681],[-118.362654,34.043361],[-118.363513,34.043103],[-118.364736,34.04265],[-118.365744,34.042134],[-118.370347,34.03952],[-118.374746,34.037031],[-118.380829,34.033546],[-118.387835,34.029598],[-118.393221,34.026584],[-118.399197,34.023107],[-118.407683,34.018261],[-118.415612,34.013814],[-118.42368,34.009198],[-118.431308,34.004832],[-118.440674,34.000153],[-118.449333,33.995732],[-118.452734,33.994069],[-118.455952,33.992423],[-118.459847,33.99052],[-118.463902,33.988331],[-118.465512,33.98732],[-118.466504,33.986674],[-118.467523,33.986014],[-118.469582,33.984786],[-118.469943,33.984808],[-118.472132,33.987504],[-118.472326,33.98774],[-118.47316,33.988792],[-118.473578,33.989326],[-118.473989,33.989848],[-118.474295,33.990241],[-118.474598,33.990629],[-118.474968,33.991116],[-118.475289,33.991533],[-118.475614,33.991901],[-118.476198,33.992646],[-118.476723,33.993308],[-118.477185,33.993908],[-118.477202,33.993965],[-118.477155,33.993995],[-118.476801,33.994194],[-118.476498,33.994377],[-118.4769,33.994767],[-118.47734,33.995165],[-118.478494,33.99623],[-118.479223,33.996971],[-118.479733,33.997494],[-118.48109,33.998903],[-118.481696,33.999315],[-118.482036,33.999649],[-118.48402,34.001636],[-118.485017,34.002605],[-118.486004,34.00358],[-118.486276,34.003861],[-118.486518,34.003957],[-118.487208,34.004555],[-118.488058,34.005351],[-118.488911,34.006159],[-118.489512,34.006724],[-118.490255,34.007431],[-118.491584,34.008573],[-118.492937,34.009734],[-118.493857,34.010504],[-118.494775,34.011281],[-118.496561,34.012771]]},"properties":{"OID":8,"Name":"Venice Short Line"}},{"type":"Feature","id":9,"geometry":{"type":"LineString","coordinates":[[-118.243241,34.014318],[-118.243826,34.014094],[-118.244122,34.013986],[-118.244417,34.013905],[-118.244737,34.013862],[-118.245057,34.013831],[-118.245713,34.013814],[-118.246786,34.013916],[-118.247934,34.014063],[-118.250514,34.01441],[-118.252633,34.014695],[-118.253963,34.014859],[-118.255288,34.015037],[-118.255797,34.015124],[-118.256301,34.01522],[-118.256651,34.015292],[-118.256995,34.015408],[-118.260121,34.016889],[-118.261693,34.017673],[-118.262857,34.018233],[-118.263439,34.018487],[-118.264021,34.018705],[-118.272301,34.018548],[-118.272905,34.018532],[-118.274382,34.018502],[-118.275417,34.018489],[-118.276449,34.01847],[-118.278541,34.0184],[-118.280614,34.018354],[-118.281869,34.018314],[-118.283113,34.018261],[-118.308906,34.018252],[-118.313755,34.018287],[-118.316072,34.018394],[-118.318304,34.018821],[-118.32929,34.021418],[-118.335341,34.022556],[-118.341049,34.023409],[-118.364266,34.025615],[-118.370618,34.026255],[-118.374652,34.026539],[-118.383922,34.027464],[-118.393062,34.028282],[-118.406495,34.029514],[-118.408169,34.029671],[-118.40981,34.029972],[-118.412916,34.030941],[-118.413772,34.031154],[-118.414146,34.031294],[-118.414477,34.031479],[-118.415067,34.031979],[-118.415325,34.032238],[-118.415555,34.032474],[-118.416081,34.03311],[-118.416325,34.033437],[-118.416537,34.033795],[-118.417567,34.035573],[-118.418098,34.036062],[-118.418683,34.036462],[-118.419498,34.03688],[-118.420351,34.037098],[-118.420971,34.037184],[-118.421558,34.037209],[-118.427727,34.036307],[-118.430806,34.035864],[-118.432346,34.035634],[-118.43387,34.035404],[-118.44532,34.03316],[-118.45104,34.031988],[-118.453911,34.031393],[-118.455367,34.031105],[-118.456894,34.030807],[-118.46218,34.0297],[-118.464872,34.029147],[-118.466175,34.02883],[-118.467446,34.02846],[-118.469237,34.027926],[-118.471292,34.02722],[-118.472357,34.026848],[-118.473287,34.026442],[-118.474184,34.026112],[-118.47506,34.025712],[-118.476683,34.024788],[-118.4787,34.023614],[-118.480438,34.022307],[-118.483204,34.020077],[-118.484516,34.018958],[-118.485181,34.018345],[-118.485781,34.017705],[-118.486784,34.016649],[-118.487297,34.016112],[-118.487841,34.015606],[-118.490471,34.01393],[-118.490551,34.013824],[-118.490587,34.013699],[-118.490548,34.013554],[-118.490445,34.013336],[-118.490298,34.013128],[-118.490027,34.012765],[-118.489851,34.012504],[-118.489911,34.011798],[-118.489553,34.010849],[-118.489557,34.010218],[-118.490385,34.009588],[-118.490386,34.008686],[-118.489705,34.007955],[-118.487479,34.00573],[-118.486771,34.005025],[-118.486297,34.004526],[-118.485919,34.003875],[-118.485353,34.003278],[-118.48497,34.002884],[-118.48346,34.00136],[-118.481979,33.999852],[-118.481215,33.999109],[-118.480454,33.998356],[-118.479247,33.997147],[-118.478185,33.996066],[-118.477321,33.995279],[-118.475803,33.993838]]},"properties":{"OID":9,"Name":"Santa Monica Air Line"}},{"type":"Feature","id":10,"geometry":{"type":"LineString","coordinates":[[-118.254926,34.146263],[-118.250184,34.146334],[-118.245592,34.146334],[-118.241665,34.146263],[-118.239627,34.146228],[-118.239605,34.146068],[-118.239884,34.14605]]},"properties":{"OID":10,"Name":"East Broadway Line (Glendale Local)"}},{"type":"Feature","id":11,"geometry":{"type":"LineString","coordinates":[[-118.311136,34.186778],[-118.324707,34.196664]]},"properties":{"OID":11,"Name":"Glendale-Burbank Line Ben Mar Hills Extension (1924-1940)"}},{"type":"Feature","id":12,"geometry":{"type":"LineString","coordinates":[[-118.440168,34.281537],[-118.450424,34.273877],[-118.453,34.272139],[-118.454544,34.271678],[-118.456948,34.271678],[-118.461282,34.271891],[-118.462999,34.271643],[-118.464286,34.27104],[-118.46566,34.269941],[-118.466496,34.269036],[-118.467162,34.268096],[-118.467293,34.267651],[-118.467339,34.267205],[-118.467591,34.242557],[-118.467601,34.23708],[-118.46765,34.234337],[-118.467674,34.232966],[-118.467634,34.231594],[-118.467601,34.231237],[-118.467516,34.23088],[-118.467076,34.230281],[-118.466641,34.229745],[-118.466121,34.229297],[-118.465886,34.229158],[-118.465555,34.22902],[-118.465171,34.228866],[-118.464691,34.228674],[-118.4642,34.228512],[-118.463702,34.228403],[-118.463203,34.228308],[-118.460459,34.22827],[-118.457768,34.228263],[-118.455902,34.228246],[-118.454019,34.228223],[-118.453118,34.228201],[-118.45227,34.228117],[-118.4515,34.227855],[-118.45073,34.227478],[-118.45013,34.22707],[-118.449609,34.22652],[-118.449175,34.225882],[-118.448794,34.225172],[-118.448837,34.212077],[-118.448686,34.196366],[-118.448708,34.180637],[-118.448681,34.171446],[-118.448625,34.170851],[-118.448472,34.170256],[-118.448102,34.16971],[-118.447646,34.169213],[-118.44704,34.168871],[-118.44639,34.168627],[-118.445833,34.16853],[-118.445275,34.168485],[-118.429868,34.168485],[-118.413646,34.168485],[-118.38382,34.168485],[-118.376739,34.168521],[-118.371991,34.168516],[-118.371722,34.168433],[-118.371543,34.168323],[-118.371305,34.168166],[-118.370956,34.16785],[-118.370736,34.16756],[-118.370613,34.167282],[-118.370661,34.162528],[-118.370669,34.160105],[-118.370668,34.158893],[-118.370639,34.157681],[-118.37064,34.156341],[-118.370656,34.154993],[-118.370659,34.154307],[-118.370603,34.153657],[-118.370574,34.152311],[-118.370583,34.146936],[-118.370583,34.145742],[-118.370588,34.144612],[-118.370594,34.143149],[-118.370603,34.142128],[-118.370596,34.141933],[-118.370584,34.141821],[-118.370556,34.141708],[-118.37044,34.141495],[-118.370304,34.141293],[-118.370173,34.141131],[-118.370017,34.140963],[-118.369891,34.140856],[-118.369733,34.140768],[-118.369454,34.140617],[-118.367834,34.139979],[-118.366214,34.139355],[-118.365141,34.138977],[-118.364079,34.138596],[-118.360174,34.135847],[-118.358628,34.134959],[-118.355195,34.133929],[-118.352449,34.133254],[-118.351247,34.132686],[-118.349488,34.131123],[-118.345668,34.127499],[-118.34511,34.12686],[-118.34378,34.12487],[-118.342879,34.12416],[-118.33996,34.121708],[-118.33863,34.120074],[-118.337557,34.118085],[-118.336913,34.115917],[-118.336356,34.113999],[-118.335926,34.112648],[-118.336227,34.110268],[-118.33657,34.109095],[-118.337385,34.10771],[-118.337557,34.106857],[-118.337557,34.105044],[-118.337815,34.104511],[-118.338716,34.103872],[-118.338802,34.103374],[-118.338673,34.090972],[-118.338287,34.090758],[-118.325584,34.090758],[-118.29477,34.090865],[-118.284385,34.090901],[-118.283967,34.090974],[-118.28358,34.091092],[-118.283242,34.091249],[-118.282931,34.091452],[-118.281805,34.092247],[-118.28151,34.092396],[-118.281349,34.092474],[-118.281182,34.092526],[-118.281003,34.092564],[-118.280831,34.09256],[-118.280608,34.092546],[-118.280394,34.0925],[-118.279064,34.091114],[-118.27769,34.090403],[-118.277175,34.090012],[-118.274686,34.085072],[-118.273956,34.083579],[-118.273141,34.08269],[-118.27151,34.08166],[-118.270309,34.080344],[-118.269322,34.079634],[-118.266189,34.078141],[-118.265631,34.077536],[-118.264987,34.07743],[-118.261897,34.077892],[-118.261425,34.076612]]},"properties":{"OID":12,"Name":"San Fernando Valley Line"}},{"type":"Feature","id":13,"geometry":{"type":"LineString","coordinates":[[-118.605909,34.201013],[-118.473172,34.20119],[-118.451296,34.201194],[-118.451158,34.20114],[-118.45103,34.201059],[-118.450919,34.200988],[-118.450808,34.200904],[-118.450671,34.200806],[-118.450508,34.200706],[-118.450261,34.200542],[-118.450041,34.200338],[-118.449569,34.199877],[-118.449295,34.199557],[-118.449048,34.199245],[-118.448807,34.198914]]},"properties":{"OID":13,"Name":"SFV Line - Owensmouth Branch"}},{"type":"Feature","id":14,"geometry":{"type":"LineString","coordinates":[[-118.451285,34.045761],[-118.451886,34.046224],[-118.453045,34.047681],[-118.45444,34.04921],[-118.455942,34.04969],[-118.46004,34.052802],[-118.461435,34.053673],[-118.46283,34.053886],[-118.464396,34.053886],[-118.46916,34.05289],[-118.482721,34.050242],[-118.491433,34.048464],[-118.492784,34.048072],[-118.493707,34.047664],[-118.49493,34.046846],[-118.501582,34.041565],[-118.5042,34.039538],[-118.504951,34.038756],[-118.505423,34.038027],[-118.505724,34.037209],[-118.506861,34.03367],[-118.507268,34.032834],[-118.507891,34.032034],[-118.511442,34.028771],[-118.512633,34.027735],[-118.513014,34.027397],[-118.513341,34.027019],[-118.513448,34.026819],[-118.513491,34.026593],[-118.51347,34.026352],[-118.513362,34.026112],[-118.512979,34.025795],[-118.512552,34.025494],[-118.510552,34.024387],[-118.509082,34.023534],[-118.507344,34.022071],[-118.504369,34.019519],[-118.501491,34.016971],[-118.500102,34.015793],[-118.499106,34.01497],[-118.497956,34.013948],[-118.496601,34.0128]]},"properties":{"OID":14,"Name":"Westgate Line"}},{"type":"Feature","id":15,"geometry":{"type":"LineString","coordinates":[[-118.431979,34.035697],[-118.433138,34.035822],[-118.43372,34.036],[-118.434269,34.036231],[-118.435214,34.036746],[-118.437295,34.039111],[-118.442702,34.045406],[-118.44693,34.050224],[-118.449998,34.053993],[-118.450942,34.055042],[-118.451285,34.055486],[-118.451843,34.055575],[-118.452508,34.055237],[-118.452573,34.054668],[-118.452294,34.054171],[-118.451757,34.053833],[-118.450878,34.053495],[-118.450191,34.053157],[-118.449504,34.052944],[-118.44914,34.052873]]},"properties":{"OID":15,"Name":"Soldiers' Home Branch Line"}},{"type":"Feature","id":16,"geometry":{"type":"LineString","coordinates":[[-118.392405,34.027006],[-118.392409,34.026608],[-118.39339,34.025357],[-118.394927,34.02341],[-118.400302,34.016544],[-118.400837,34.015903],[-118.401399,34.015253],[-118.402544,34.013988],[-118.403917,34.012431],[-118.405258,34.010795],[-118.410167,34.004787],[-118.412484,34.001656],[-118.419265,33.993402],[-118.422409,33.989306],[-118.42566,33.985254],[-118.433298,33.975945],[-118.433534,33.975588],[-118.433677,33.975144],[-118.43421,33.973258],[-118.434335,33.972794],[-118.43446,33.972475],[-118.434736,33.972148],[-118.435055,33.971848],[-118.435538,33.971508],[-118.43671,33.970845],[-118.437901,33.9702],[-118.440852,33.966574],[-118.442571,33.964454],[-118.442894,33.964204],[-118.443254,33.963986],[-118.443718,33.963754],[-118.444215,33.963526],[-118.445076,33.963132],[-118.445805,33.962795],[-118.446259,33.962529],[-118.446687,33.962242],[-118.447243,33.961769],[-118.448163,33.960585],[-118.448571,33.95988],[-118.44867,33.959465],[-118.448721,33.95905],[-118.44874,33.958648],[-118.448774,33.958175],[-118.44881,33.957709],[-118.448808,33.957376],[-118.448799,33.957274],[-118.44876,33.957166],[-118.448678,33.957004],[-118.448538,33.956715],[-118.448394,33.956394],[-118.447931,33.955278],[-118.447744,33.954726],[-118.447656,33.954139],[-118.44754,33.953628],[-118.447428,33.95309],[-118.447251,33.952602],[-118.446956,33.952091],[-118.44502,33.94878],[-118.444019,33.947147],[-118.443508,33.946304],[-118.442987,33.94538],[-118.439821,33.939644],[-118.439052,33.938232],[-118.438271,33.936758],[-118.436903,33.933818],[-118.432097,33.924311],[-118.423128,33.90718],[-118.418685,33.897331],[-118.413686,33.887517],[-118.408236,33.87747],[-118.40675,33.874811],[-118.405991,33.873473],[-118.405302,33.872108],[-118.40444,33.870794],[-118.403638,33.869467],[-118.402751,33.868431],[-118.402291,33.867922],[-118.4019,33.867391],[-118.401407,33.866652],[-118.400999,33.865885],[-118.400339,33.863502],[-118.399722,33.861186],[-118.39943,33.860019],[-118.399305,33.859444],[-118.399143,33.858856],[-118.398454,33.856332],[-118.398136,33.855071],[-118.397834,33.853778],[-118.397637,33.853026],[-118.397297,33.85236],[-118.39685,33.851784],[-118.395608,33.849746],[-118.391799,33.843713],[-118.391252,33.842787],[-118.39078,33.842056],[-118.390404,33.841512],[-118.389879,33.840764],[-118.388817,33.838946],[-118.388248,33.837698],[-118.387808,33.836379],[-118.387765,33.834953],[-118.388624,33.831959],[-118.38901,33.829535],[-118.38901,33.828608],[-118.388709,33.827289],[-118.388409,33.821442],[-118.388324,33.820029],[-118.388355,33.819312],[-118.388232,33.818976],[-118.388232,33.818623],[-118.388157,33.818242],[-118.388165,33.818028],[-118.388795,33.817565],[-118.389573,33.817008],[-118.390265,33.816334],[-118.390522,33.81539]]},"properties":{"OID":16,"Name":"Redondo Beach - Del Rey Line"}},{"type":"Feature","id":17,"geometry":{"type":"LineString","coordinates":[[-118.358146,33.966033],[-118.360822,33.967666],[-118.361549,33.968104],[-118.362319,33.96848],[-118.363076,33.968654],[-118.36387,33.968752],[-118.364492,33.96876],[-118.365114,33.968698],[-118.367678,33.968329],[-118.368762,33.968218],[-118.369123,33.968251],[-118.369459,33.968309],[-118.369778,33.968389],[-118.370087,33.968489],[-118.370634,33.968652],[-118.371112,33.968854],[-118.371991,33.969294],[-118.37347,33.970146],[-118.374918,33.970989],[-118.37637,33.97181],[-118.377747,33.972676],[-118.379841,33.973829],[-118.380852,33.974357],[-118.381907,33.974849],[-118.383039,33.975257],[-118.3839,33.975654],[-118.385003,33.976162],[-118.385562,33.976438],[-118.386113,33.976699],[-118.391866,33.97946],[-118.392467,33.97978],[-118.392966,33.980051],[-118.393502,33.980327],[-118.394586,33.980887],[-118.395659,33.981412],[-118.39678,33.982026],[-118.397858,33.982747],[-118.398443,33.983116],[-118.399049,33.983458],[-118.400305,33.983859],[-118.40127,33.983983],[-118.403244,33.983966],[-118.405041,33.983543],[-118.405808,33.983245],[-118.408201,33.981564],[-118.410025,33.98062],[-118.413565,33.979028],[-118.41481,33.978503],[-118.416118,33.978686],[-118.417425,33.978914],[-118.42003,33.979404],[-118.425249,33.980376],[-118.426632,33.980679],[-118.427982,33.980933],[-118.430276,33.981352],[-118.435356,33.982298],[-118.437496,33.982698],[-118.439551,33.983085],[-118.441706,33.983492],[-118.442214,33.98358],[-118.442729,33.983659],[-118.44374,33.983788],[-118.44609,33.984175],[-118.446315,33.984215],[-118.449078,33.984846],[-118.453949,33.98619],[-118.459817,33.987844],[-118.460633,33.988405],[-118.46148,33.988947],[-118.462875,33.989864],[-118.463444,33.990255],[-118.464093,33.990616],[-118.471131,33.992412],[-118.473829,33.99307],[-118.475374,33.993424],[-118.475852,33.993862]]},"properties":{"OID":17,"Name":"Inglewood Line"}},{"type":"Feature","id":18,"geometry":{"type":"LineString","coordinates":[[-118.338321,34.09075],[-118.345979,34.090746],[-118.35368,34.09083],[-118.361329,34.090857],[-118.368958,34.09075],[-118.373163,34.090714],[-118.373496,34.090702],[-118.373823,34.09067],[-118.37401,34.090617],[-118.374144,34.090578],[-118.374276,34.09053],[-118.374508,34.090433],[-118.374743,34.090307],[-118.37517,34.090074],[-118.376029,34.089611],[-118.377762,34.088691],[-118.379494,34.087762],[-118.381202,34.086835],[-118.381874,34.08643],[-118.382223,34.086167],[-118.38245,34.085985],[-118.382591,34.085745],[-118.382862,34.085297],[-118.383073,34.084918],[-118.383122,34.084451],[-118.383082,34.083631]]},"properties":{"OID":18,"Name":"South Hollywood - Sherman Line"}},{"type":"Feature","id":19,"geometry":{"type":"LineString","coordinates":[[-118.365841,34.090807],[-118.369363,34.090761],[-118.371242,34.090733],[-118.37312,34.090723],[-118.373481,34.09071],[-118.373842,34.090683],[-118.37417,34.090592],[-118.374483,34.090474],[-118.380059,34.087484],[-118.38104,34.086951],[-118.381526,34.086669],[-118.381984,34.086374],[-118.383742,34.085161],[-118.395608,34.077181],[-118.40307,34.07192]]},"properties":{"OID":19,"Name":"Hollywood - Venice Line"}},{"type":"Feature","id":20,"geometry":{"type":"LineString","coordinates":[[-118.352966,34.097999],[-118.357322,34.098053],[-118.363244,34.098053],[-118.365734,34.097999]]},"properties":{"OID":20,"Name":"Laurel Canyon Shuttle (Hollywood Local)"}},{"type":"Feature","id":21,"geometry":{"type":"LineString","coordinates":[[-118.403166,34.071933],[-118.404626,34.070831],[-118.405119,34.0714],[-118.40587,34.072075],[-118.40645,34.072582],[-118.40705,34.072982],[-118.407903,34.073462],[-118.409121,34.07415],[-118.409995,34.074699],[-118.410848,34.075292],[-118.411642,34.076057],[-118.412393,34.076856],[-118.412946,34.077598],[-118.413201,34.077996],[-118.413402,34.078403],[-118.413815,34.079189],[-118.413995,34.079591],[-118.414153,34.080087],[-118.412058,34.081562]]},"properties":{"OID":21,"Name":"Coldwater Canyon Shuttle"}},{"type":"Feature","id":22,"geometry":{"type":"LineString","coordinates":[[-118.376689,34.071502],[-118.376977,34.071964],[-118.37714,34.07221],[-118.37723,34.072479],[-118.377305,34.072775],[-118.379552,34.076426],[-118.379772,34.076772],[-118.380201,34.077476],[-118.380657,34.078217],[-118.380928,34.078638],[-118.381151,34.078994],[-118.381414,34.079482],[-118.381765,34.080118],[-118.382084,34.08066],[-118.382428,34.081348],[-118.383018,34.082593],[-118.383061,34.082895],[-118.383085,34.083166],[-118.383096,34.083574]]},"properties":{"OID":22,"Name":"Sherman Cut-Off"}},{"type":"Feature","id":23,"geometry":{"type":"LineString","coordinates":[[-118.152423,33.775348],[-118.204179,33.775348]]},"properties":{"OID":23,"Name":"7th Street Line (Long Beach Local)"}},{"type":"Feature","id":24,"geometry":{"type":"LineString","coordinates":[[-117.898713,33.601741],[-117.899437,33.602002],[-117.900982,33.602485],[-117.902698,33.603039],[-117.904801,33.603629],[-117.910574,33.604665],[-117.917075,33.606345],[-117.919049,33.606792],[-117.920744,33.607078],[-117.922912,33.607328],[-117.925916,33.607775],[-117.926731,33.608025],[-117.927525,33.608597],[-117.928276,33.609455],[-117.928476,33.609771],[-117.928633,33.610087],[-117.928872,33.610677],[-117.929118,33.61104],[-117.929413,33.611385],[-117.930087,33.612198],[-117.93084,33.612966],[-117.931511,33.613708],[-117.931988,33.614182],[-117.932203,33.61428],[-117.932417,33.614333],[-117.933233,33.614494],[-117.934198,33.615102],[-117.936451,33.617443],[-117.93879,33.619801],[-117.939649,33.620534],[-117.940357,33.621016],[-117.94527,33.623732],[-117.945893,33.624143],[-117.946365,33.624456],[-117.946826,33.62476],[-117.947824,33.625287],[-117.955742,33.629861],[-117.962415,33.633934],[-117.965934,33.63606],[-117.967286,33.636757],[-117.97338,33.639383],[-117.977071,33.64158],[-117.985675,33.646618],[-117.99428,33.652101],[-117.99516,33.652673],[-117.999902,33.655227],[-118.006318,33.659924],[-118.007782,33.660945],[-118.015005,33.666108],[-118.023741,33.672479],[-118.031616,33.679211],[-118.035135,33.682318],[-118.038826,33.686139],[-118.046315,33.694191],[-118.053954,33.702332],[-118.054962,33.703349],[-118.06052,33.708151],[-118.064125,33.711436],[-118.067129,33.714077],[-118.077128,33.72284],[-118.083351,33.728302],[-118.086162,33.730158],[-118.093844,33.733887],[-118.101225,33.740329],[-118.107641,33.74627],[-118.110516,33.748733],[-118.113499,33.75123],[-118.11779,33.755227],[-118.12412,33.761025],[-118.131309,33.767625],[-118.132446,33.768374],[-118.132982,33.768998],[-118.137252,33.771888],[-118.141565,33.774617],[-118.151672,33.781056],[-118.157723,33.784962],[-118.160942,33.787048],[-118.169739,33.792683],[-118.176434,33.797034],[-118.185017,33.802491],[-118.187463,33.804113],[-118.188214,33.804808],[-118.189287,33.80586]]},"properties":{"OID":24,"Name":"Newport-Balboa Line"}},{"type":"Feature","id":25,"geometry":{"type":"LineString","coordinates":[[-118.413445,33.919637],[-118.411117,33.92034],[-118.410258,33.920776],[-118.409293,33.921916],[-118.408746,33.922557],[-118.407801,33.922984],[-118.407008,33.9231],[-118.406332,33.923029],[-118.40557,33.922797],[-118.404787,33.922397],[-118.400774,33.92002],[-118.397502,33.918088],[-118.397008,33.917696],[-118.396525,33.917286],[-118.396026,33.916694],[-118.395538,33.916013],[-118.394508,33.914081],[-118.394315,33.913747],[-118.394165,33.91352],[-118.393768,33.912848],[-118.393414,33.912443],[-118.392577,33.911597],[-118.39196,33.911045],[-118.391697,33.910822],[-118.389906,33.909326],[-118.389541,33.909117],[-118.389133,33.908952],[-118.388522,33.90881],[-118.38791,33.908721],[-118.387309,33.908743],[-118.386725,33.908792],[-118.386344,33.90885],[-118.38599,33.908935],[-118.383264,33.910137],[-118.379864,33.911579],[-118.375379,33.913574],[-118.368298,33.916663],[-118.363738,33.918657],[-118.362719,33.919085],[-118.362011,33.919272],[-118.361431,33.919352],[-118.359157,33.919334],[-118.354726,33.91937],[-118.354211,33.919343],[-118.35332,33.91912],[-118.352827,33.919058],[-118.352205,33.919085],[-118.351808,33.919192],[-118.350531,33.919459],[-118.349834,33.919503],[-118.347183,33.919485],[-118.345188,33.919485],[-118.336229,33.919485],[-118.325694,33.919494],[-118.324503,33.919521],[-118.32314,33.919654],[-118.321853,33.919975],[-118.320544,33.920465],[-118.318183,33.921453],[-118.313184,33.923563],[-118.309804,33.92497],[-118.309504,33.925094],[-118.309193,33.925161],[-118.308603,33.925254],[-118.308077,33.925277],[-118.307304,33.925308],[-118.302187,33.926394],[-118.299537,33.92699],[-118.29649,33.927792],[-118.295385,33.927925],[-118.290353,33.927934],[-118.285074,33.927934],[-118.282703,33.927952],[-118.282263,33.927952],[-118.279849,33.927738],[-118.279077,33.927774],[-118.277789,33.928165],[-118.274538,33.929305],[-118.270462,33.930613],[-118.264861,33.932385],[-118.258703,33.934406],[-118.256675,33.935038],[-118.256122,33.935153],[-118.255527,33.935216],[-118.253682,33.935269],[-118.247448,33.935296],[-118.246622,33.935438],[-118.24571,33.935785],[-118.244766,33.936417],[-118.243972,33.937414],[-118.243682,33.938429],[-118.243178,33.941457]]},"properties":{"OID":25,"Name":"El Segundo Line"}},{"type":"Feature","id":26,"geometry":{"type":"LineString","coordinates":[[-118.279393,33.740654],[-118.279415,33.74326],[-118.277312,33.746668],[-118.276304,33.748416],[-118.275424,33.749808],[-118.274694,33.750985],[-118.274072,33.751949],[-118.272548,33.755196],[-118.271476,33.758014],[-118.268879,33.765507],[-118.267356,33.769128],[-118.267157,33.769551],[-118.266894,33.769939],[-118.266546,33.7703],[-118.266154,33.770644],[-118.263794,33.772552],[-118.255747,33.77859],[-118.253671,33.780316],[-118.252499,33.781165],[-118.251316,33.782014],[-118.25024,33.782819],[-118.249788,33.783275],[-118.249422,33.783731],[-118.248135,33.785586],[-118.246864,33.78748],[-118.243902,33.791493],[-118.241864,33.794631],[-118.239568,33.798287],[-118.238109,33.800605],[-118.236478,33.805063],[-118.235255,33.808486],[-118.234053,33.81207],[-118.231672,33.818666],[-118.229976,33.823461],[-118.228453,33.827329],[-118.226865,33.830948],[-118.225835,33.833283],[-118.224505,33.837222],[-118.223711,33.8392],[-118.221114,33.846293],[-118.219741,33.850267],[-118.218518,33.853653],[-118.21811,33.856344],[-118.217702,33.859088],[-118.21723,33.862563]]},"properties":{"OID":26,"Name":"San Pedro via Dominguez Line"}},{"type":"Feature","id":27,"geometry":{"type":"LineString","coordinates":[[-118.265591,33.771121],[-118.271384,33.770729],[-118.276277,33.77039],[-118.278465,33.770247],[-118.27956,33.769944],[-118.28001,33.769498],[-118.280439,33.768463],[-118.280718,33.76734],[-118.280976,33.765698],[-118.28162,33.764004],[-118.282585,33.762523],[-118.283658,33.761364],[-118.286233,33.75933],[-118.287456,33.758545],[-118.288572,33.757314],[-118.289795,33.756137],[-118.290181,33.755405],[-118.29001,33.754138],[-118.289666,33.753354],[-118.289044,33.752586],[-118.288186,33.752105],[-118.287177,33.751837],[-118.286426,33.751766],[-118.284988,33.752301],[-118.283508,33.752747],[-118.282371,33.752354],[-118.281577,33.751427],[-118.28059,33.749857],[-118.279882,33.748465],[-118.279474,33.747395],[-118.279409,33.743273]]},"properties":{"OID":27,"Name":"West Basin Line  (San Pedro Local)"}},{"type":"Feature","id":28,"geometry":{"type":"LineString","coordinates":[[-118.281287,33.74082],[-118.279281,33.740837],[-118.279313,33.740382],[-118.279291,33.739776],[-118.279366,33.738803],[-118.279688,33.738732],[-118.284538,33.738732],[-118.287928,33.73875],[-118.287928,33.73966],[-118.294601,33.739704],[-118.294773,33.739731],[-118.294934,33.73991],[-118.295116,33.740061],[-118.297659,33.740445],[-118.298936,33.740686],[-118.299193,33.740971],[-118.300577,33.742818],[-118.301961,33.744665]]},"properties":{"OID":28,"Name":"La Rambla Line (San Pedro Local)"}},{"type":"Feature","id":29,"geometry":{"type":"LineString","coordinates":[[-118.287928,33.73875],[-118.287928,33.738696],[-118.287939,33.73453],[-118.287982,33.725946],[-118.287939,33.717576],[-118.287963,33.711822],[-118.287828,33.711567],[-118.287624,33.71134],[-118.287514,33.711181],[-118.287427,33.711017],[-118.287312,33.710795],[-118.287224,33.710574],[-118.28712,33.710337],[-118.287032,33.7101],[-118.286942,33.709861],[-118.286855,33.709626],[-118.286761,33.709226],[-118.28671,33.708827],[-118.286735,33.708431],[-118.286823,33.708072],[-118.287038,33.707641],[-118.287295,33.707246],[-118.287622,33.706882],[-118.287992,33.706545],[-118.288325,33.706295],[-118.288904,33.706009],[-118.289623,33.705848],[-118.290514,33.705759],[-118.29076,33.705782]]},"properties":{"OID":29,"Name":"Pt. Fermin Line (San Pedro Local)"}},{"type":"Feature","id":30,"geometry":{"type":"LineString","coordinates":[[-118.292359,33.73154],[-118.279839,33.731487],[-118.279302,33.730925],[-118.278304,33.730398]]},"properties":{"OID":30,"Name":"14th St. Line (San Pedro Local)"}},{"type":"Feature","id":31,"geometry":{"type":"LineString","coordinates":[[-118.280429,33.74049],[-118.280445,33.738656],[-118.280466,33.734962],[-118.280498,33.732375],[-118.281416,33.732379],[-118.281437,33.728748],[-118.282569,33.728092],[-118.283084,33.727775],[-118.283663,33.727342],[-118.284168,33.726923],[-118.284554,33.726463],[-118.284785,33.726098],[-118.28494,33.725651],[-118.285053,33.725214],[-118.285122,33.724969],[-118.285128,33.724643],[-118.285208,33.724549],[-118.285455,33.724451],[-118.285578,33.72434]]},"properties":{"OID":31,"Name":"Crescent Ave. Line (San Pedro Local)"}},{"type":"Feature","id":32,"geometry":{"type":"LineString","coordinates":[[-118.278304,33.730398],[-118.277628,33.729586],[-118.275547,33.728319],[-118.272479,33.720181]]},"properties":{"OID":32,"Name":"Outer Harbor Line (San Pedro Local)"}},{"type":"Feature","id":33,"geometry":{"type":"LineString","coordinates":[[-118.037354,33.979099],[-118.044394,33.979124],[-118.049169,33.979097],[-118.049262,33.979106],[-118.049351,33.979133],[-118.049461,33.979233],[-118.049544,33.979355],[-118.049887,33.979862],[-118.050102,33.98016],[-118.050338,33.980458],[-118.050649,33.98077],[-118.050856,33.980961],[-118.051089,33.981139],[-118.051312,33.98129],[-118.051534,33.981406],[-118.051718,33.981476],[-118.051902,33.981506],[-118.05225,33.981501],[-118.052827,33.981472],[-118.053109,33.981417],[-118.05338,33.981343],[-118.053644,33.981241],[-118.053887,33.981125],[-118.054115,33.981001],[-118.054351,33.98085],[-118.055094,33.980063],[-118.055476,33.979668],[-118.055664,33.979462],[-118.05585,33.979262],[-118.057322,33.977674],[-118.058608,33.976388],[-118.060695,33.974161],[-118.06155,33.973267],[-118.062367,33.972355],[-118.063569,33.971192],[-118.063777,33.970965],[-118.064006,33.970723],[-118.064395,33.970211],[-118.064803,33.969446],[-118.065296,33.967942],[-118.066369,33.964988],[-118.067088,33.962879],[-118.06748,33.961657],[-118.067594,33.96132],[-118.06766,33.961147],[-118.067742,33.960975],[-118.067854,33.960759],[-118.068021,33.960548],[-118.068161,33.960392],[-118.068365,33.960218],[-118.068625,33.960049],[-118.068909,33.959912],[-118.069297,33.959773],[-118.069505,33.959726],[-118.069675,33.959693],[-118.0699,33.95967],[-118.070087,33.959667],[-118.070457,33.95968],[-118.071095,33.959787],[-118.074115,33.960307],[-118.07787,33.960992],[-118.082784,33.961882],[-118.083449,33.962042],[-118.084469,33.962336],[-118.085016,33.962492],[-118.089109,33.96376],[-118.097,33.96618],[-118.103566,33.968191],[-118.111184,33.970576],[-118.117406,33.97248],[-118.12217,33.973957],[-118.12394,33.974482],[-118.126376,33.975229],[-118.127717,33.975487],[-118.129154,33.975647],[-118.136525,33.976421],[-118.144132,33.977204],[-118.152972,33.978067],[-118.160225,33.978841],[-118.16336,33.979144],[-118.166485,33.979455],[-118.168325,33.979651],[-118.170321,33.979856],[-118.176018,33.980443],[-118.183228,33.981181],[-118.190641,33.981955],[-118.196789,33.982551],[-118.201091,33.983032],[-118.207604,33.983663],[-118.214915,33.984371],[-118.216219,33.984526],[-118.220757,33.985016],[-118.227656,33.985718],[-118.236528,33.986635],[-118.24082,33.987079],[-118.241732,33.987204],[-118.242311,33.98748],[-118.242837,33.987889],[-118.243137,33.988307],[-118.243331,33.988796]]},"properties":{"OID":33,"Name":"Whittier Line"}},{"type":"Feature","id":34,"geometry":{"type":"LineString","coordinates":[[-117.855704,33.74762],[-117.855737,33.747803],[-117.855835,33.747932],[-117.856034,33.748021],[-117.856276,33.748039],[-117.857716,33.748039],[-117.871372,33.748007],[-117.89371,33.7479],[-117.897207,33.7479],[-117.897883,33.747909],[-117.898559,33.747989],[-117.899106,33.748128],[-117.899632,33.74831],[-117.903687,33.750772],[-117.914094,33.757177],[-117.923836,33.763189],[-117.933234,33.768969],[-117.947525,33.777726],[-117.952813,33.781067],[-117.955465,33.782683],[-117.958147,33.784272],[-117.964606,33.788231],[-117.967919,33.790343],[-117.973555,33.793808],[-117.976368,33.795544],[-117.979197,33.797236],[-117.988187,33.802728],[-117.994995,33.806914],[-117.999732,33.809909],[-118.004474,33.812757],[-118.010739,33.816639],[-118.017048,33.82045],[-118.029298,33.828022],[-118.035587,33.831878],[-118.041918,33.835726],[-118.047826,33.839391],[-118.053762,33.84298],[-118.061744,33.847934],[-118.073718,33.855258],[-118.082387,33.860515],[-118.091614,33.86611],[-118.100883,33.871918],[-118.110475,33.877744],[-118.115153,33.88063],[-118.120238,33.88323],[-118.131997,33.889162],[-118.143906,33.895361],[-118.156308,33.901666],[-118.160235,33.90366],[-118.168496,33.907222],[-118.176672,33.910784],[-118.20458,33.922461],[-118.234696,33.936197],[-118.239562,33.938317],[-118.241289,33.939073],[-118.241912,33.939438],[-118.24247,33.93991],[-118.242834,33.940391],[-118.243113,33.941165]]},"properties":{"OID":34,"Name":"Santa Ana Line"}},{"type":"Feature","id":35,"geometry":{"type":"LineString","coordinates":[[-118.390732,33.842063],[-118.389869,33.842755],[-118.389443,33.843117],[-118.389011,33.84348],[-118.387264,33.844863],[-118.385805,33.846033],[-118.384321,33.847184],[-118.383831,33.847523],[-118.38359,33.847679],[-118.383345,33.847839],[-118.383098,33.848024],[-118.382809,33.848173],[-118.382514,33.848296],[-118.382361,33.848335],[-118.382186,33.848329],[-118.381298,33.848127],[-118.3804,33.847986],[-118.379448,33.847879],[-118.378453,33.847857],[-118.377195,33.847971],[-118.376354,33.848119],[-118.375513,33.848347],[-118.373968,33.848802],[-118.372428,33.849318],[-118.371146,33.849871],[-118.369854,33.850575],[-118.368732,33.851314],[-118.367595,33.852277],[-118.366608,33.853114],[-118.364988,33.85452],[-118.361329,33.857998],[-118.357923,33.861596],[-118.357569,33.862945],[-118.357362,33.86363],[-118.357054,33.864186],[-118.356585,33.864767],[-118.356359,33.86494],[-118.356131,33.865115],[-118.355922,33.865239],[-118.355708,33.865353],[-118.355474,33.865446],[-118.355238,33.86552],[-118.352548,33.865529],[-118.345342,33.865588],[-118.33701,33.871602],[-118.334594,33.873397],[-118.33221,33.875242],[-118.326868,33.879715],[-118.31335,33.879573],[-118.307578,33.87959],[-118.300057,33.879608],[-118.299676,33.879642],[-118.299301,33.87976],[-118.298977,33.879903],[-118.298654,33.880051],[-118.298399,33.880143],[-118.298094,33.880196],[-118.295272,33.880205],[-118.293416,33.880169],[-118.292482,33.880294],[-118.291903,33.880659],[-118.291452,33.881212],[-118.29142,33.881666],[-118.291463,33.882423],[-118.291538,33.882922],[-118.29171,33.88619],[-118.291806,33.889379],[-118.291871,33.892425],[-118.291946,33.893805],[-118.291817,33.894152],[-118.291463,33.89442],[-118.289822,33.894954],[-118.287848,33.895577],[-118.286946,33.895934],[-118.286582,33.896067],[-118.285541,33.896379],[-118.284876,33.896566],[-118.282923,33.897145],[-118.281829,33.897492],[-118.2814,33.897839],[-118.281121,33.898196],[-118.28111,33.898739],[-118.281078,33.901339],[-118.281078,33.904785],[-118.28111,33.909353],[-118.281067,33.914126],[-118.281067,33.919245],[-118.280917,33.921426],[-118.280681,33.92326],[-118.280541,33.924782],[-118.280241,33.925869],[-118.279715,33.926955],[-118.2792,33.927471],[-118.278438,33.928005]]},"properties":{"OID":35,"Name":"Redondo via Gardena Line"}},{"type":"Feature","id":36,"geometry":{"type":"LineString","coordinates":[[-118.289318,33.752783],[-118.289886,33.753166],[-118.290476,33.753657],[-118.290884,33.75413],[-118.291216,33.754808],[-118.291603,33.755548],[-118.291968,33.757457],[-118.292579,33.760855],[-118.29304,33.763192],[-118.293673,33.766037],[-118.293759,33.766885],[-118.293738,33.767687],[-118.293727,33.769177],[-118.293824,33.769801],[-118.294124,33.770702],[-118.294778,33.772325],[-118.29524,33.7736],[-118.295798,33.775081],[-118.295926,33.77599],[-118.295969,33.777105],[-118.295755,33.778737],[-118.295851,33.779709],[-118.295953,33.780249],[-118.296098,33.780806],[-118.296302,33.781475],[-118.296431,33.781765],[-118.296586,33.782077],[-118.297219,33.78291],[-118.297782,33.783512],[-118.298228,33.783932],[-118.298711,33.784449],[-118.298901,33.784736],[-118.29907,33.784988],[-118.299075,33.78567],[-118.299059,33.786201],[-118.299075,33.78674],[-118.299054,33.788381],[-118.299054,33.789906],[-118.299022,33.792866],[-118.299016,33.795309],[-118.299011,33.797748],[-118.299,33.799225],[-118.298995,33.800041],[-118.29899,33.800946],[-118.298974,33.80151],[-118.298976,33.802054],[-118.29896,33.802573],[-118.29893,33.803088],[-118.298855,33.80455],[-118.298711,33.806654],[-118.298566,33.80907],[-118.298373,33.811851],[-118.298319,33.813491],[-118.298298,33.817431],[-118.298298,33.819383],[-118.298469,33.820096],[-118.298845,33.821255],[-118.299274,33.82244],[-118.299338,33.823127],[-118.299349,33.825952],[-118.29936,33.828929],[-118.29936,33.8331],[-118.29937,33.837707],[-118.29937,33.841628],[-118.299349,33.845683],[-118.299381,33.849274],[-118.299403,33.852998],[-118.299306,33.85838],[-118.299435,33.863743],[-118.299306,33.867627],[-118.299263,33.870228],[-118.299081,33.874771],[-118.299617,33.876606],[-118.299724,33.87723],[-118.29966,33.877898],[-118.299622,33.878704],[-118.299577,33.87895],[-118.299483,33.879201],[-118.29938,33.879369],[-118.299255,33.879526],[-118.299112,33.87968],[-118.298872,33.879864]]},"properties":{"OID":36,"Name":"San Pedro via Torrance Line"}},{"type":"Feature","id":37,"geometry":{"type":"LineString","coordinates":[[-118.299419,33.845683],[-118.299569,33.845202],[-118.299784,33.844872],[-118.300105,33.844498],[-118.300835,33.843945],[-118.303302,33.842217],[-118.307487,33.839303],[-118.308688,33.838438],[-118.309557,33.838064],[-118.310673,33.837797],[-118.31224,33.837458],[-118.312639,33.837309],[-118.313012,33.837137],[-118.313642,33.836707],[-118.313895,33.836466],[-118.314053,33.836219],[-118.314123,33.835983],[-118.314149,33.835738],[-118.314123,33.835511],[-118.314031,33.835284],[-118.313742,33.834793],[-118.313388,33.834196],[-118.313173,33.83359],[-118.313152,33.831603],[-118.313066,33.827405],[-118.313023,33.825738],[-118.313001,33.825221],[-118.312958,33.824838],[-118.312776,33.824419],[-118.312508,33.824009],[-118.312229,33.823697],[-118.312025,33.823555],[-118.311658,33.82345],[-118.309909,33.823033],[-118.307705,33.822496],[-118.306598,33.822228],[-118.305488,33.821946],[-118.3012,33.820872],[-118.299966,33.82056],[-118.299333,33.820292],[-118.298678,33.81966],[-118.298464,33.819232],[-118.298356,33.819036]]},"properties":{"OID":37,"Name":"Torrance Loop"}},{"type":"Feature","id":38,"geometry":{"type":"LineString","coordinates":[[-118.313232,33.83384],[-118.312712,33.834947],[-118.312159,33.835542],[-118.311829,33.835927],[-118.311604,33.836377],[-118.311538,33.836635],[-118.311542,33.836892],[-118.311548,33.83711],[-118.311604,33.837364],[-118.311851,33.838006],[-118.311864,33.84059],[-118.31195,33.841285],[-118.31371,33.842693],[-118.314654,33.843531]]},"properties":{"OID":38,"Name":"Columbia Steel Spur"}},{"type":"Feature","id":39,"geometry":{"type":"LineString","coordinates":[[-117.804103,33.873382],[-117.806662,33.875333],[-117.807928,33.877257],[-117.809795,33.880855],[-117.812928,33.88668],[-117.81356,33.887393],[-117.814236,33.88807],[-117.815433,33.889078],[-117.816597,33.890051],[-117.817037,33.890444],[-117.817507,33.89086],[-117.818015,33.891273],[-117.818488,33.891639],[-117.819093,33.892121],[-117.819714,33.892685],[-117.820738,33.893546],[-117.821283,33.894041],[-117.821579,33.894264],[-117.821897,33.894462],[-117.823335,33.89527],[-117.827261,33.897118],[-117.837003,33.901535],[-117.842995,33.904293],[-117.846606,33.905941],[-117.84932,33.907127],[-117.851305,33.908],[-117.85285,33.908685],[-117.85536,33.909816],[-117.859797,33.91194],[-117.86434,33.91417],[-117.869452,33.916496],[-117.871743,33.917509],[-117.873374,33.918257],[-117.88009,33.921284],[-117.881184,33.921658],[-117.882408,33.921871],[-117.883716,33.921818],[-117.894638,33.921551],[-117.907191,33.921266],[-117.912556,33.921106],[-117.915367,33.921052],[-117.91644,33.921248],[-117.917577,33.921586],[-117.92425,33.924133],[-117.9344,33.927943],[-117.936395,33.928254],[-117.937704,33.928246],[-117.938959,33.928246],[-117.94537,33.928192],[-117.951705,33.928165],[-117.960685,33.928192],[-117.964741,33.928201],[-117.968775,33.928201],[-117.974172,33.928152],[-117.977621,33.928168],[-117.979083,33.928162],[-117.980523,33.928263],[-117.981462,33.928424],[-117.982497,33.928646],[-117.983838,33.929136],[-117.985812,33.92999],[-117.993344,33.933551],[-118.002549,33.937948],[-118.011905,33.942363],[-118.020509,33.946404],[-118.02626,33.949163],[-118.031904,33.951815],[-118.035873,33.953631],[-118.037118,33.954022],[-118.042203,33.954894],[-118.053232,33.956834],[-118.062058,33.958241],[-118.070884,33.959719]]},"properties":{"OID":39,"Name":"La Habra - Yorba Linda Line"}},{"type":"Feature","id":40,"geometry":{"type":"LineString","coordinates":[[-117.922896,33.8702],[-117.922874,33.869313],[-117.920982,33.869332],[-117.920033,33.869326],[-117.919087,33.869335],[-117.918125,33.869344],[-117.917152,33.869351],[-117.916971,33.869357],[-117.916854,33.869382],[-117.916816,33.869448],[-117.916808,33.869535],[-117.916854,33.869631],[-117.916917,33.869763],[-117.916989,33.869943],[-117.917071,33.870212],[-117.917198,33.870937],[-117.91729,33.874464],[-117.917322,33.875738],[-117.917364,33.87704],[-117.917488,33.877287],[-117.917586,33.877426],[-117.917701,33.877579],[-117.917848,33.877718],[-117.918081,33.877902],[-117.918382,33.878106],[-117.918636,33.878264],[-117.918882,33.878404],[-117.919194,33.878567],[-117.919435,33.878651],[-117.919719,33.87873],[-117.919887,33.87876],[-117.920056,33.878776],[-117.921438,33.87878],[-117.922392,33.878903],[-117.923347,33.879079],[-117.925277,33.879289],[-117.926368,33.879672],[-117.92746,33.880127],[-117.928522,33.880878],[-117.929403,33.881986],[-117.929682,33.882663],[-117.930218,33.884124],[-117.931602,33.888328],[-117.932466,33.89116],[-117.9329,33.892527],[-117.933222,33.893645],[-117.933296,33.894107],[-117.933321,33.894569],[-117.933312,33.895031],[-117.933276,33.895484],[-117.932712,33.897394],[-117.932106,33.898703],[-117.93169,33.899712],[-117.931598,33.900062],[-117.931532,33.900413],[-117.931441,33.901063],[-117.93143,33.90149],[-117.931484,33.902185],[-117.931624,33.902853],[-117.93202,33.904349],[-117.932503,33.905694],[-117.932965,33.907163],[-117.933458,33.908632],[-117.934263,33.910831],[-117.934449,33.911416],[-117.934908,33.912768],[-117.935362,33.91412],[-117.935707,33.915137],[-117.936053,33.91615],[-117.936623,33.91781],[-117.93717,33.91945],[-117.937223,33.91963],[-117.937264,33.91981],[-117.937331,33.920171],[-117.937449,33.92091],[-117.937449,33.923438],[-117.937438,33.925993],[-117.937481,33.92642],[-117.937543,33.926665],[-117.937632,33.926901],[-117.937752,33.927122],[-117.9379,33.92732],[-117.938064,33.927493],[-117.938243,33.927658],[-117.938629,33.927925],[-117.939005,33.928076],[-117.939423,33.928174],[-117.939734,33.928228]]},"properties":{"OID":40,"Name":"Fullerton Branch Line"}},{"type":"Feature","id":41,"geometry":{"type":"LineString","coordinates":[[-117.295575,34.104538],[-117.295548,34.103312],[-117.295543,34.101855],[-117.295532,34.101522],[-117.295516,34.101278],[-117.295516,34.101069],[-117.295532,34.100927],[-117.29557,34.100816],[-117.311773,34.100861],[-117.31466,34.100859],[-117.315837,34.100863],[-117.316252,34.10092],[-117.316708,34.100976],[-117.327976,34.101056],[-117.328161,34.101051],[-117.329261,34.101049],[-117.330444,34.101056],[-117.330937,34.101098],[-117.33142,34.101184],[-117.332461,34.101411],[-117.333113,34.101451],[-117.333764,34.101446],[-117.334998,34.101451],[-117.336688,34.101455],[-117.338415,34.101455],[-117.340341,34.101502],[-117.341709,34.101493],[-117.342449,34.101484],[-117.342875,34.101481],[-117.343227,34.101478],[-117.343603,34.101475],[-117.344182,34.101469],[-117.345738,34.101433],[-117.347343,34.101422],[-117.349386,34.101424],[-117.353881,34.101415],[-117.36005,34.101424],[-117.36608,34.101424],[-117.375424,34.101406],[-117.384404,34.101415],[-117.398588,34.10138],[-117.412224,34.101362],[-117.418662,34.101318],[-117.419306,34.101309],[-117.421848,34.101113],[-117.422326,34.101102],[-117.423232,34.101104],[-117.427105,34.10106],[-117.433081,34.101024],[-117.439937,34.100954],[-117.447436,34.100954],[-117.451889,34.100945],[-117.452747,34.101051],[-117.453101,34.101096],[-117.454196,34.101353],[-117.455322,34.101718],[-117.456964,34.102526],[-117.45986,34.103965],[-117.463884,34.10599],[-117.469474,34.108736],[-117.476834,34.112369],[-117.482874,34.115336],[-117.484462,34.116099],[-117.48488,34.116366],[-117.488185,34.117965],[-117.488914,34.118258],[-117.491865,34.119741],[-117.494697,34.121136],[-117.495781,34.121686],[-117.499278,34.123436],[-117.500115,34.123818],[-117.500652,34.12404],[-117.501338,34.124244],[-117.501971,34.124395],[-117.502561,34.124493],[-117.503162,34.124582],[-117.503763,34.124635],[-117.504407,34.124653],[-117.511659,34.124644],[-117.522367,34.12467],[-117.536078,34.124822],[-117.547322,34.12499],[-117.560036,34.125168],[-117.567921,34.125292],[-117.56849,34.125346],[-117.568887,34.125363],[-117.575893,34.125479],[-117.578114,34.125505],[-117.584562,34.125514],[-117.589143,34.125461],[-117.592608,34.12539],[-117.594153,34.125346],[-117.595237,34.125239],[-117.596224,34.124955],[-117.597082,34.124475],[-117.597812,34.123898],[-117.600215,34.121668],[-117.603284,34.118737],[-117.608144,34.114198],[-117.612135,34.110423],[-117.615525,34.107403],[-117.616201,34.106914],[-117.616888,34.106568],[-117.622896,34.103805],[-117.630159,34.100367],[-117.634408,34.098422],[-117.635374,34.098128],[-117.636178,34.09796],[-117.636929,34.097942],[-117.6446,34.097906],[-117.652282,34.097942],[-117.660833,34.097942],[-117.671401,34.09788],[-117.67816,34.097853],[-117.679576,34.097817],[-117.680778,34.097702],[-117.682269,34.097533],[-117.689318,34.096804],[-117.697998,34.095863],[-117.702439,34.095383],[-117.709242,34.094601],[-117.712439,34.094646],[-117.720185,34.09461],[-117.723586,34.094646],[-117.726762,34.094148],[-117.728028,34.094077],[-117.732502,34.094077],[-117.738038,34.094104],[-117.748445,34.094068],[-117.753745,34.094059],[-117.755461,34.094157],[-117.757028,34.094432],[-117.761234,34.095383],[-117.76412,34.095934],[-117.765407,34.096076],[-117.76678,34.096005],[-117.768754,34.09581],[-117.769999,34.095774],[-117.77163,34.096147],[-117.782916,34.099132],[-117.787637,34.100394],[-117.789461,34.100856],[-117.790684,34.101069],[-117.79195,34.101193],[-117.793924,34.101247],[-117.808837,34.101211],[-117.819373,34.101264],[-117.828471,34.101247],[-117.829372,34.101176],[-117.829876,34.101104],[-117.830359,34.100962],[-117.832655,34.09995],[-117.844264,34.094406],[-117.855958,34.088115],[-117.856827,34.08776],[-117.867395,34.08744],[-117.872674,34.086622],[-117.87482,34.086231],[-117.877191,34.086214],[-117.879154,34.086205],[-117.887179,34.086249],[-117.897103,34.086302],[-117.904818,34.086365],[-117.916823,34.086445],[-117.92811,34.086542],[-117.929633,34.086551],[-117.931071,34.086622],[-117.937068,34.08688],[-117.943119,34.087173],[-117.94637,34.087262],[-117.948065,34.087244],[-117.951724,34.087395],[-117.954996,34.087555],[-117.955887,34.087546],[-117.956436,34.087542],[-117.956986,34.087502],[-117.958113,34.087253],[-117.959838,34.086858],[-117.961434,34.086511],[-117.963641,34.085976],[-117.965521,34.085649],[-117.967238,34.084952],[-117.974791,34.083264],[-117.982934,34.081398],[-117.991667,34.079398],[-117.998762,34.077799],[-118.001873,34.077045],[-118.003753,34.076666],[-118.005229,34.076412],[-118.009949,34.075852],[-118.018318,34.074848],[-118.025249,34.074013],[-118.030677,34.073355],[-118.03498,34.072884],[-118.0397,34.072706],[-118.047254,34.072564],[-118.048884,34.072422],[-118.055107,34.072458],[-118.073732,34.072173],[-118.099825,34.07196],[-118.124673,34.07164],[-118.142225,34.07132],[-118.144457,34.071391],[-118.14583,34.071142],[-118.147418,34.070396],[-118.162095,34.062539],[-118.16394,34.061899],[-118.165871,34.061721],[-118.168489,34.061864],[-118.171279,34.061828],[-118.173854,34.06101],[-118.176343,34.059766],[-118.183681,34.056388],[-118.185527,34.055891],[-118.187758,34.055677],[-118.1975,34.055926],[-118.201448,34.055464],[-118.20368,34.054682],[-118.205311,34.054077],[-118.207328,34.054042],[-118.211061,34.055037],[-118.213808,34.055606],[-118.21737,34.055642],[-118.219494,34.055526],[-118.220524,34.055397],[-118.221533,34.0551],[-118.222214,34.054575],[-118.222745,34.053962],[-118.223378,34.053428],[-118.223957,34.0531],[-118.224751,34.053011],[-118.22561,34.053091],[-118.227916,34.053197],[-118.230212,34.053473],[-118.23172,34.053704],[-118.233291,34.053828],[-118.234665,34.053846],[-118.23622,34.053837],[-118.236837,34.053895],[-118.237433,34.053988],[-118.237899,34.054086],[-118.238323,34.054006],[-118.239053,34.053651],[-118.239396,34.05318],[-118.23975,34.052566],[-118.239868,34.052068],[-118.240308,34.051108],[-118.240748,34.050593],[-118.241456,34.049713],[-118.241821,34.04933],[-118.242432,34.047597],[-118.242765,34.04661],[-118.242862,34.046184],[-118.243022,34.045748],[-118.243462,34.044903],[-118.244535,34.043223],[-118.244975,34.042601],[-118.245436,34.042041],[-118.245788,34.042274],[-118.24645,34.042685],[-118.247462,34.043296],[-118.248497,34.043926],[-118.249269,34.044399]]},"properties":{"OID":41,"Name":"San Bernardino Line"}},{"type":"Feature","id":42,"geometry":{"type":"LineString","coordinates":[[-117.865617,34.137861],[-117.866202,34.137858],[-117.87221,34.137854],[-117.873503,34.137827],[-117.874094,34.137833],[-117.874686,34.137874],[-117.875113,34.137937],[-117.87552,34.138063],[-117.876461,34.138356],[-117.877386,34.138604],[-117.878138,34.138749],[-117.878888,34.13884],[-117.879629,34.138913],[-117.880369,34.138924],[-117.881708,34.138862],[-117.882523,34.13878],[-117.883357,34.138673],[-117.885055,34.138277],[-117.886748,34.137912],[-117.888432,34.137541],[-117.88927,34.137353],[-117.890124,34.13721],[-117.891681,34.137035],[-117.892433,34.13696],[-117.893174,34.136926],[-117.894515,34.13701],[-117.895878,34.137068],[-117.898394,34.137184],[-117.900888,34.137192],[-117.905898,34.137246],[-117.909589,34.137237],[-117.910522,34.137255],[-117.91144,34.13725],[-117.912599,34.137299],[-117.913104,34.13735],[-117.91362,34.137437],[-117.91622,34.137938],[-117.925918,34.13979],[-117.927512,34.140123],[-117.929105,34.140358],[-117.933128,34.141082],[-117.93933,34.142201],[-117.947162,34.143604],[-117.957611,34.143642],[-117.964482,34.14361],[-117.965411,34.143607],[-117.966323,34.143604],[-117.971044,34.143533],[-117.97879,34.143462],[-117.982073,34.143444],[-117.983554,34.143479],[-117.98467,34.14371],[-117.985678,34.143923],[-117.987287,34.144545],[-117.989176,34.144953],[-117.990656,34.144936],[-118.00102,34.144829],[-118.010075,34.144687],[-118.012414,34.144634],[-118.013337,34.14435],[-118.014346,34.143977],[-118.015354,34.143906],[-118.020568,34.143852],[-118.023808,34.143497],[-118.025418,34.143444],[-118.027993,34.143391],[-118.030074,34.143391],[-118.031554,34.143355],[-118.031823,34.143306],[-118.032091,34.143231],[-118.0323,34.143102],[-118.032477,34.142947],[-118.033346,34.142036],[-118.033655,34.141697],[-118.033968,34.141366],[-118.035047,34.140256],[-118.036484,34.13872],[-118.03763,34.137477],[-118.038727,34.136287],[-118.04091,34.133933],[-118.041672,34.133161],[-118.04268,34.132459],[-118.043335,34.132144],[-118.044022,34.131873],[-118.044826,34.131686],[-118.045663,34.131589],[-118.046009,34.131587],[-118.046344,34.131629],[-118.047068,34.131598],[-118.049686,34.131722],[-118.051854,34.131846],[-118.052604,34.131864],[-118.056553,34.13158],[-118.061874,34.131171],[-118.067947,34.130763],[-118.07374,34.13039],[-118.07535,34.13023],[-118.083718,34.129093],[-118.084705,34.128862],[-118.089233,34.127566],[-118.09522,34.125807],[-118.096486,34.125416],[-118.100477,34.123978],[-118.110926,34.120105],[-118.117707,34.117636],[-118.118651,34.117263],[-118.11951,34.116819],[-118.125775,34.112573],[-118.134423,34.107012],[-118.138049,34.104773],[-118.139036,34.104365],[-118.140066,34.10424],[-118.141332,34.104169],[-118.149293,34.104169],[-118.151653,34.104152],[-118.152554,34.104045],[-118.153048,34.103885],[-118.153456,34.103654],[-118.153912,34.103405],[-118.15425,34.103086],[-118.154582,34.10273],[-118.15485,34.102322],[-118.155049,34.101948],[-118.155194,34.101558],[-118.15528,34.101007],[-118.15528,34.099336],[-118.15528,34.098555],[-118.155301,34.097933],[-118.155591,34.097266],[-118.155988,34.096724],[-118.157597,34.09557],[-118.159356,34.094299],[-118.163927,34.091127],[-118.165112,34.09035],[-118.165606,34.090101],[-118.166148,34.089945],[-118.168111,34.089634],[-118.170686,34.089261],[-118.171172,34.089166],[-118.171603,34.088999],[-118.174787,34.087666],[-118.177939,34.086298],[-118.179698,34.0856],[-118.180428,34.085494],[-118.181308,34.085498],[-118.182295,34.085689],[-118.183244,34.085902],[-118.184204,34.086071],[-118.185041,34.086116],[-118.185937,34.086107],[-118.186822,34.086009],[-118.187498,34.085814],[-118.188174,34.085512],[-118.188595,34.085236],[-118.188952,34.084934],[-118.190513,34.083312],[-118.192938,34.080731],[-118.193115,34.080406],[-118.193238,34.080073],[-118.193388,34.079291],[-118.193608,34.078064],[-118.193737,34.077444],[-118.193797,34.077141],[-118.193882,34.076859],[-118.194038,34.076157],[-118.194197,34.07543],[-118.19436,34.0747],[-118.194504,34.073964],[-118.194738,34.072629],[-118.194817,34.072085],[-118.19491,34.071539],[-118.195129,34.070461],[-118.195617,34.068363],[-118.195812,34.0676],[-118.195881,34.067422],[-118.195954,34.067237],[-118.196128,34.066849],[-118.196384,34.066315],[-118.196632,34.065761],[-118.196865,34.065263],[-118.197131,34.064764],[-118.197414,34.064218],[-118.197723,34.063666],[-118.19808,34.063021],[-118.198415,34.062384],[-118.198806,34.06185],[-118.199246,34.061321],[-118.199954,34.060468],[-118.201242,34.05917],[-118.202443,34.057819],[-118.203066,34.057144],[-118.203516,34.056539],[-118.204053,34.05565],[-118.204482,34.054833],[-118.204782,34.054495],[-118.205104,34.054282]]},"properties":{"OID":42,"Name":"Monrovia-Glendora Line"}},{"type":"Feature","id":43,"geometry":{"type":"LineString","coordinates":[[-118.057867,34.108134],[-118.057754,34.107563],[-118.057753,34.107424],[-118.057789,34.10729],[-118.057838,34.107212],[-118.057923,34.107148],[-118.057998,34.107105],[-118.061743,34.106564],[-118.068051,34.105702],[-118.068781,34.105577],[-118.069489,34.105373],[-118.070229,34.10508],[-118.071667,34.104343],[-118.072064,34.104103],[-118.072557,34.10389],[-118.073019,34.10373],[-118.073416,34.103623],[-118.073866,34.103543],[-118.074489,34.103472],[-118.075208,34.103472],[-118.081977,34.103454],[-118.089595,34.103419],[-118.094326,34.103374],[-118.094702,34.103374],[-118.097159,34.103081],[-118.102437,34.102495],[-118.102834,34.102477],[-118.110602,34.102406],[-118.110956,34.102397],[-118.111213,34.102353],[-118.11175,34.102219],[-118.11264,34.101917],[-118.113188,34.101686],[-118.119818,34.098524],[-118.126513,34.095334],[-118.132639,34.092473],[-118.134452,34.091594],[-118.134752,34.091558],[-118.13737,34.09154],[-118.144859,34.091496],[-118.145299,34.091505],[-118.145782,34.091567],[-118.146114,34.091718],[-118.146576,34.091976],[-118.147895,34.093068],[-118.149387,34.094348],[-118.149773,34.094614],[-118.150288,34.094863],[-118.150738,34.095059],[-118.151275,34.095174],[-118.151897,34.095245],[-118.155878,34.09521],[-118.156865,34.095236],[-118.157551,34.095183],[-118.158002,34.095112],[-118.158238,34.095076]]},"properties":{"OID":43,"Name":"Alhambra - San Gabriel Line"}},{"type":"Feature","id":44,"geometry":{"type":"LineString","coordinates":[[-118.151747,34.104165],[-118.15121,34.104289],[-118.150921,34.104458],[-118.150706,34.104654],[-118.150567,34.104884],[-118.15047,34.105195],[-118.15046,34.106226],[-118.150427,34.110357],[-118.150363,34.115526],[-118.150342,34.120687],[-118.15032,34.124986],[-118.150331,34.12979],[-118.150406,34.134062],[-118.150395,34.135643],[-118.150374,34.13574],[-118.150256,34.135776],[-118.14884,34.135767],[-118.148797,34.1359],[-118.148829,34.139772],[-118.148882,34.143724],[-118.148915,34.147693],[-118.148936,34.151892],[-118.149054,34.151972],[-118.150138,34.151972],[-118.150417,34.151892],[-118.150535,34.151697],[-118.150535,34.148083],[-118.15046,34.143093],[-118.150438,34.139364],[-118.150374,34.135776]]},"properties":{"OID":44,"Name":"Pasadena Short Line"}},{"type":"Feature","id":45,"geometry":{"type":"LineString","coordinates":[[-118.250289,34.044803],[-118.250302,34.044859],[-118.250289,34.044948],[-118.249819,34.045406],[-118.248838,34.046386],[-118.24795,34.047275],[-118.246971,34.048324],[-118.245968,34.049468],[-118.244744,34.050762],[-118.24368,34.051933],[-118.243489,34.052168],[-118.243422,34.052204],[-118.243328,34.052195],[-118.243012,34.051964],[-118.242701,34.05175],[-118.24254,34.051646],[-118.242408,34.051617],[-118.242322,34.051628],[-118.242094,34.051919],[-118.241518,34.052637],[-118.240957,34.053319],[-118.240091,34.054182],[-118.239643,34.054699],[-118.239501,34.054837],[-118.239337,34.054891],[-118.239176,34.054877],[-118.239077,34.054859],[-118.238597,34.054573],[-118.23802,34.054231],[-118.237661,34.054055]]},"properties":{"OID":45,"Name":"Main St. Surface Tracks"}},{"type":"Feature","id":46,"geometry":{"type":"LineString","coordinates":[[-118.15047,34.105195],[-118.150331,34.104867],[-118.150138,34.104574],[-118.149923,34.104405],[-118.14958,34.104272],[-118.149376,34.104209]]},"properties":{"OID":46,"Name":"Interchange Track"}},{"type":"Feature","id":47,"geometry":{"type":"LineString","coordinates":[[-118.126776,34.11194],[-118.126601,34.112171],[-118.126479,34.112445],[-118.126433,34.112615],[-118.126419,34.112788],[-118.126455,34.113069],[-118.126534,34.113341],[-118.127006,34.114509],[-118.127462,34.115851],[-118.128031,34.117476],[-118.128158,34.117766],[-118.128306,34.118056],[-118.128457,34.118288],[-118.128645,34.118512],[-118.128893,34.11865],[-118.129163,34.11874],[-118.129605,34.118752],[-118.130048,34.118724],[-118.130472,34.11874],[-118.130895,34.118786],[-118.131295,34.118955],[-118.131554,34.119115],[-118.131816,34.119417],[-118.13184,34.119781],[-118.13184,34.120087],[-118.13199,34.120465],[-118.132526,34.121438],[-118.132746,34.121726],[-118.133068,34.12201],[-118.133342,34.122206],[-118.133706,34.122357],[-118.134425,34.122606],[-118.13471,34.122739],[-118.135058,34.122961],[-118.13545,34.123356],[-118.135697,34.123667],[-118.135884,34.124044],[-118.135992,34.124386],[-118.135976,34.124626],[-118.135895,34.125017],[-118.135782,34.125496],[-118.135477,34.126669],[-118.135337,34.127446],[-118.135369,34.127859],[-118.135466,34.128272],[-118.135718,34.129218],[-118.135788,34.129506],[-118.135756,34.129768],[-118.1356,34.13007],[-118.135364,34.130279],[-118.135128,34.13047],[-118.134887,34.130568],[-118.132419,34.1313],[-118.132258,34.131429],[-118.132253,34.131602],[-118.132263,34.133702],[-118.13229,34.136384],[-118.132312,34.139279],[-118.132338,34.141513],[-118.132376,34.143617],[-118.132392,34.145744],[-118.132467,34.145832],[-118.132585,34.145886],[-118.1328,34.145877],[-118.138663,34.145868],[-118.144178,34.145841],[-118.148212,34.145792],[-118.148738,34.145792],[-118.148866,34.145841],[-118.148877,34.147355],[-118.148893,34.14847],[-118.148904,34.150805],[-118.148915,34.151928],[-118.149059,34.152012],[-118.150181,34.152008],[-118.150449,34.151928],[-118.150583,34.15171],[-118.150578,34.150183],[-118.150562,34.147098],[-118.150529,34.145899],[-118.150417,34.145784],[-118.14877,34.145784]]},"properties":{"OID":47,"Name":"Oak Knoll Line"}},{"type":"Feature","id":48,"geometry":{"type":"LineString","coordinates":[[-118.132392,34.145855],[-118.132414,34.147808],[-118.132414,34.15381],[-118.132489,34.16109],[-118.1325,34.161632],[-118.132532,34.163088],[-118.132446,34.164277],[-118.132274,34.168485],[-118.132038,34.174104],[-118.13192,34.176962]]},"properties":{"OID":48,"Name":"Oak Knoll Line - Rush Hour Service"}},{"type":"Feature","id":49,"geometry":{"type":"LineString","coordinates":[[-118.109698,34.127683],[-118.109601,34.127714],[-118.109462,34.127777],[-118.109368,34.127797],[-118.109057,34.12785],[-118.10881,34.127861],[-118.108547,34.127821],[-118.108292,34.127712],[-118.108032,34.127597],[-118.107802,34.127468],[-118.107732,34.12737],[-118.107555,34.126591],[-118.107284,34.125512],[-118.107123,34.124777],[-118.107045,34.12448],[-118.106777,34.123638]]},"properties":{"OID":49,"Name":"Henry Huntington's Private Spur"}},{"type":"Feature","id":50,"geometry":{"type":"LineString","coordinates":[[-118.286382,34.090867],[-118.28647,34.090899],[-118.286549,34.090957],[-118.286582,34.091058],[-118.288824,34.093584],[-118.290696,34.095503],[-118.291742,34.098199],[-118.291796,34.099483],[-118.29179,34.100927],[-118.291839,34.101184],[-118.291882,34.101282]]},"properties":{"OID":50,"Name":"Melrose Cut-Off"}},{"type":"Feature","id":51,"geometry":{"type":"LineString","coordinates":[[-118.150352,34.151981],[-118.150502,34.152088],[-118.150524,34.152256],[-118.150567,34.154574],[-118.150599,34.160194],[-118.150642,34.167491],[-118.150738,34.174441],[-118.150856,34.184063],[-118.150856,34.186707],[-118.150846,34.187116],[-118.15076,34.187293],[-118.149644,34.189698],[-118.149365,34.190328],[-118.148453,34.192236],[-118.148335,34.19221],[-118.145932,34.19142],[-118.145492,34.191322],[-118.14516,34.191367],[-118.144891,34.191491],[-118.144559,34.191668],[-118.144248,34.19181],[-118.143883,34.191757],[-118.143132,34.191518],[-118.141952,34.191154],[-118.137499,34.189725],[-118.131695,34.187861],[-118.131502,34.18787],[-118.131437,34.187932],[-118.13141,34.188385],[-118.131309,34.19035],[-118.131185,34.192924],[-118.13118,34.193603],[-118.131126,34.194308],[-118.131126,34.194592],[-118.131121,34.19493],[-118.131115,34.195085],[-118.130981,34.195178],[-118.130482,34.195351],[-118.129377,34.195773],[-118.128551,34.19607],[-118.128095,34.19623],[-118.127596,34.196452],[-118.127071,34.196789],[-118.126674,34.197117],[-118.126368,34.197552],[-118.12603,34.198169],[-118.12589,34.198714],[-118.125901,34.19906],[-118.125944,34.199504],[-118.126062,34.199841],[-118.126244,34.200232],[-118.126395,34.200498],[-118.126459,34.200809],[-118.126438,34.201164],[-118.126384,34.20151],[-118.12632,34.201847],[-118.126126,34.202202],[-118.125869,34.202361],[-118.125536,34.202459],[-118.12514,34.202441],[-118.124764,34.202441],[-118.124442,34.202441],[-118.124099,34.202574],[-118.123874,34.202645],[-118.123605,34.20269],[-118.123283,34.202708],[-118.123015,34.20277],[-118.122822,34.202894],[-118.122586,34.203116],[-118.122243,34.203373],[-118.121899,34.203701],[-118.121449,34.203941],[-118.121041,34.204074],[-118.12029,34.204376],[-118.119839,34.204642],[-118.119657,34.20505],[-118.119571,34.205565],[-118.119367,34.205813],[-118.118992,34.205831],[-118.118712,34.205717],[-118.118423,34.205582],[-118.118167,34.205479],[-118.11793,34.205432],[-118.117511,34.205458]]},"properties":{"OID":51,"Name":"Mt. Lowe Line"}},{"type":"Feature","id":52,"geometry":{"type":"LineString","coordinates":[[-118.120914,34.211014],[-118.117509,34.205502]]},"properties":{"OID":52,"Name":"Mt. Lowe Line - Echo Mountain Incline"}},{"type":"Feature","id":53,"geometry":{"type":"LineString","coordinates":[[-118.120848,34.211026],[-118.120908,34.211123],[-118.120955,34.211243],[-118.121057,34.211363],[-118.121256,34.211687],[-118.12146,34.211935],[-118.121781,34.212414],[-118.122017,34.212725],[-118.122039,34.212929],[-118.122007,34.213151],[-118.122125,34.213674],[-118.122243,34.214118],[-118.12249,34.214597],[-118.122511,34.214841],[-118.122506,34.215036],[-118.122575,34.215267],[-118.12265,34.21544],[-118.122629,34.215679],[-118.122565,34.215817],[-118.122446,34.216065],[-118.122473,34.216176],[-118.122495,34.216345],[-118.122463,34.21646],[-118.122221,34.21666],[-118.122184,34.216731],[-118.122216,34.21709],[-118.122264,34.217214],[-118.122425,34.217365],[-118.122538,34.217449],[-118.122683,34.217604],[-118.122683,34.217729],[-118.122972,34.217751],[-118.123214,34.217906],[-118.123316,34.218132],[-118.123418,34.218217],[-118.123476,34.218279],[-118.123375,34.218549],[-118.123321,34.218625],[-118.123305,34.218758],[-118.123358,34.218882],[-118.123519,34.218997],[-118.123594,34.219126],[-118.123471,34.219219],[-118.123562,34.219264],[-118.123804,34.219277],[-118.123916,34.219241],[-118.124013,34.219237],[-118.124126,34.219042],[-118.124254,34.219028],[-118.124351,34.21913],[-118.124404,34.219224],[-118.124528,34.219197],[-118.124646,34.21917],[-118.124764,34.219139],[-118.124936,34.219117],[-118.125064,34.218948],[-118.125188,34.218873],[-118.125365,34.218789],[-118.125467,34.218678],[-118.125622,34.218518],[-118.125805,34.218447],[-118.12595,34.218452],[-118.126025,34.218359],[-118.126116,34.218208],[-118.126261,34.218177],[-118.126422,34.218186],[-118.1264,34.218261],[-118.126341,34.218412],[-118.1264,34.218549],[-118.126416,34.218705],[-118.126384,34.218957],[-118.126363,34.219059],[-118.126271,34.219286],[-118.126234,34.219454],[-118.126255,34.219587],[-118.126325,34.219782],[-118.126288,34.219871],[-118.126191,34.220084],[-118.126212,34.220248],[-118.126298,34.220364],[-118.126497,34.22039],[-118.126609,34.220426],[-118.126797,34.220554],[-118.126958,34.22059],[-118.127167,34.22059],[-118.127452,34.220568],[-118.12773,34.220608],[-118.128084,34.220776],[-118.128079,34.220896],[-118.128084,34.221268],[-118.128079,34.221508],[-118.127924,34.221628],[-118.1278,34.221783],[-118.127763,34.221965],[-118.127773,34.222187],[-118.127618,34.222337],[-118.127392,34.222466],[-118.127081,34.22251],[-118.126829,34.22251],[-118.126572,34.222555],[-118.126304,34.222683],[-118.126073,34.222883],[-118.12589,34.223012],[-118.125756,34.223162],[-118.12574,34.223362],[-118.125687,34.223504],[-118.12559,34.223615],[-118.125397,34.22369],[-118.125193,34.223792],[-118.125022,34.223792],[-118.124936,34.223704],[-118.125005,34.223628],[-118.125129,34.22361],[-118.125338,34.223593],[-118.12551,34.223504],[-118.125552,34.223371],[-118.12551,34.223202],[-118.12552,34.2231],[-118.12566,34.222896],[-118.125933,34.22259],[-118.126228,34.222337],[-118.126556,34.222164],[-118.126878,34.222027],[-118.127065,34.221836],[-118.127098,34.22173],[-118.127033,34.221495],[-118.126963,34.221304],[-118.126829,34.221166],[-118.126642,34.221113],[-118.126218,34.2211],[-118.126051,34.221038],[-118.125901,34.220945],[-118.125762,34.220905],[-118.125622,34.220812],[-118.125536,34.220696],[-118.125494,34.220662],[-118.125429,34.22065],[-118.125338,34.220732],[-118.125354,34.220856],[-118.125504,34.220896],[-118.125681,34.220976],[-118.126019,34.221131],[-118.126218,34.221202],[-118.126566,34.221246],[-118.126727,34.221313],[-118.126786,34.221424],[-118.126776,34.221614],[-118.126722,34.221725],[-118.126518,34.221858],[-118.126191,34.222005],[-118.125858,34.222164],[-118.125536,34.22236],[-118.125343,34.222448],[-118.125118,34.222639],[-118.124973,34.222883],[-118.124893,34.223078],[-118.124689,34.223074],[-118.124426,34.223122],[-118.124276,34.223233],[-118.124104,34.22322],[-118.12368,34.223127],[-118.123519,34.223131],[-118.123278,34.223176],[-118.123176,34.223264],[-118.123235,34.223411],[-118.123364,34.2235],[-118.123519,34.223593],[-118.123557,34.223721],[-118.123487,34.223912],[-118.123514,34.224129],[-118.123594,34.224209],[-118.123712,34.224209],[-118.123927,34.224187],[-118.12405,34.2242],[-118.124582,34.224529],[-118.124624,34.224622],[-118.124576,34.224839],[-118.124448,34.22503],[-118.124346,34.225194],[-118.12427,34.225531],[-118.124201,34.225691],[-118.124185,34.225859],[-118.124206,34.225988],[-118.124329,34.226046],[-118.124549,34.226156],[-118.124732,34.226254],[-118.12485,34.226392],[-118.124968,34.22668],[-118.124957,34.22695],[-118.124957,34.227199],[-118.124855,34.227332],[-118.124608,34.227412],[-118.124222,34.227492],[-118.123739,34.227443],[-118.123589,34.227434],[-118.123224,34.227336],[-118.122833,34.22731],[-118.122371,34.227154],[-118.121974,34.226879],[-118.121497,34.226542],[-118.121384,34.2264],[-118.12125,34.226174],[-118.12118,34.226068],[-118.120859,34.225979],[-118.12044,34.226001],[-118.120032,34.226148],[-118.119818,34.226174],[-118.119652,34.226165],[-118.119362,34.226072],[-118.118681,34.226081],[-118.118552,34.226023],[-118.118064,34.225833],[-118.117908,34.225828],[-118.117619,34.225935],[-118.117511,34.225899],[-118.117173,34.225766],[-118.11698,34.225757],[-118.116808,34.225806],[-118.116385,34.225677],[-118.116074,34.225575],[-118.115666,34.225398],[-118.115526,34.225278],[-118.115371,34.225145],[-118.115049,34.224954],[-118.114732,34.224817],[-118.114212,34.224746],[-118.114062,34.224688],[-118.113869,34.224538],[-118.113729,34.22444],[-118.113456,34.224382],[-118.113182,34.224502],[-118.113048,34.224542],[-118.11293,34.224449],[-118.112699,34.224152],[-118.11256,34.22409],[-118.11241,34.224138],[-118.112335,34.224227],[-118.112276,34.224404],[-118.112152,34.224511],[-118.111975,34.224502],[-118.111637,34.224444],[-118.111364,34.224422],[-118.111246,34.224506],[-118.11124,34.224675],[-118.111342,34.224804],[-118.111321,34.224968],[-118.111176,34.225105],[-118.110961,34.225136],[-118.110833,34.225234],[-118.11087,34.225398],[-118.11087,34.225518],[-118.110768,34.225602],[-118.110527,34.2257],[-118.110377,34.225828],[-118.110232,34.226054],[-118.110071,34.226307],[-118.109985,34.226414],[-118.109872,34.226374],[-118.109937,34.226227],[-118.110076,34.226054],[-118.110221,34.225802],[-118.110328,34.22562],[-118.110495,34.225504],[-118.110575,34.225442],[-118.110548,34.225349],[-118.110484,34.225212],[-118.110457,34.225074],[-118.110521,34.224937],[-118.110704,34.224866],[-118.110682,34.224715],[-118.110661,34.224604],[-118.110538,34.224542],[-118.110366,34.224515],[-118.110237,34.224431],[-118.110157,34.224338],[-118.109988,34.224296],[-118.109824,34.224311],[-118.109652,34.224356],[-118.109567,34.224431],[-118.109561,34.224538],[-118.109636,34.224613],[-118.109776,34.224702],[-118.109749,34.224808],[-118.109701,34.224968],[-118.109749,34.225216]]},"properties":{"OID":53,"Name":"Mt. Lowe Line - Alpine Division"}},{"type":"Feature","id":54,"geometry":{"type":"LineString","coordinates":[[-118.131443,34.187883],[-118.13192,34.176962]]},"properties":{"OID":54,"Name":"North Lake Ave Line"}},{"type":"Feature","id":55,"geometry":{"type":"LineString","coordinates":[[-118.13148,34.18582],[-118.111181,34.185926]]},"properties":{"OID":55,"Name":"Mendocino St. Line (Pasadena Local)"}},{"type":"Feature","id":56,"geometry":{"type":"LineString","coordinates":[[-118.048246,34.164011],[-118.052604,34.163323],[-118.052664,34.162618],[-118.052696,34.162423],[-118.052999,34.162168],[-118.05324,34.161972],[-118.053337,34.161921],[-118.053444,34.16191],[-118.056968,34.161871],[-118.060801,34.161847],[-118.06601,34.161814],[-118.070267,34.161783],[-118.074585,34.161732],[-118.080011,34.161661],[-118.08511,34.161603],[-118.09011,34.161534],[-118.090931,34.161503],[-118.091612,34.161428],[-118.092159,34.161263],[-118.092754,34.160984],[-118.093114,34.160708],[-118.093377,34.160455],[-118.093629,34.160114],[-118.093838,34.159741],[-118.093988,34.15923],[-118.094031,34.158826],[-118.094031,34.158023],[-118.094069,34.156562],[-118.094096,34.15488],[-118.094122,34.154023],[-118.094155,34.153668],[-118.094208,34.15342],[-118.09438,34.153118],[-118.094568,34.152802],[-118.094718,34.152567],[-118.094916,34.152358],[-118.09527,34.152092],[-118.095694,34.151821],[-118.096032,34.151657],[-118.096912,34.151395],[-118.098232,34.150996],[-118.098988,34.150689],[-118.09939,34.150463],[-118.099905,34.150099],[-118.100377,34.149677],[-118.100694,34.1493],[-118.100957,34.148896],[-118.101203,34.148385],[-118.101332,34.148003],[-118.101477,34.147595],[-118.101568,34.147111],[-118.101622,34.146698],[-118.101649,34.146236],[-118.101649,34.145016],[-118.101627,34.142867],[-118.101611,34.140718],[-118.101606,34.138356],[-118.101595,34.136686],[-118.101558,34.135878],[-118.101552,34.134879],[-118.101574,34.134062],[-118.101638,34.13305],[-118.101713,34.131589],[-118.101772,34.130936],[-118.101836,34.130536],[-118.101912,34.130164],[-118.102046,34.12979],[-118.102174,34.129511],[-118.102298,34.129315],[-118.102464,34.129062],[-118.102711,34.128796],[-118.102958,34.128529],[-118.10322,34.128321],[-118.103462,34.128116],[-118.10403,34.127726],[-118.104567,34.127317],[-118.105318,34.12674],[-118.105795,34.126429],[-118.10609,34.126207],[-118.106348,34.125954],[-118.106568,34.125687],[-118.106691,34.12543],[-118.106815,34.12511],[-118.106868,34.124786],[-118.106879,34.124524],[-118.106831,34.124151],[-118.106761,34.123685],[-118.106675,34.123152],[-118.10667,34.122854],[-118.106713,34.12253],[-118.106798,34.122295],[-118.106911,34.121988],[-118.107018,34.121775],[-118.107158,34.12158],[-118.107254,34.121491]]},"properties":{"OID":56,"Name":"Sierra Madre Line"}},{"type":"Feature","id":57,"geometry":{"type":"LineString","coordinates":[[-118.09305,34.146174],[-118.123519,34.145926],[-118.132521,34.145877]]},"properties":{"OID":57,"Name":"East Colorado Line (Pasadena Local)"}},{"type":"Feature","id":58,"geometry":{"type":"LineString","coordinates":[[-118.159697,34.180832],[-118.159633,34.175329],[-118.159547,34.168423],[-118.159536,34.16469],[-118.159574,34.16453],[-118.160464,34.163039],[-118.160507,34.162848],[-118.160507,34.162728],[-118.160427,34.162622],[-118.159193,34.161077],[-118.157283,34.158818],[-118.155196,34.156314],[-118.154638,34.155448],[-118.15452,34.155288],[-118.153276,34.153775],[-118.151983,34.15231],[-118.150594,34.150441]]},"properties":{"OID":58,"Name":"Lincoln Ave. Line (Pasadena Local)"}},{"type":"Feature","id":59,"geometry":{"type":"LineString","coordinates":[[-118.150556,34.145792],[-118.160276,34.14573],[-118.160673,34.145739],[-118.160802,34.145917],[-118.161553,34.14787],[-118.161725,34.148341],[-118.161789,34.14859],[-118.161725,34.148829],[-118.160598,34.150836],[-118.16004,34.151804],[-118.159729,34.152292],[-118.159558,34.152443],[-118.158077,34.153402],[-118.155513,34.155213],[-118.154097,34.15611],[-118.151661,34.157486],[-118.151307,34.157672],[-118.15105,34.157752],[-118.150824,34.157779],[-118.148657,34.157814],[-118.146039,34.157841],[-118.142649,34.157868],[-118.142145,34.157868],[-118.141748,34.157836],[-118.141104,34.15777]]},"properties":{"OID":59,"Name":"West Colorado & Orange Grove Line (Pasadena Local)"}},{"type":"Feature","id":60,"geometry":{"type":"LineString","coordinates":[[-118.141437,34.145881],[-118.14148,34.148279],[-118.14148,34.154192],[-118.136523,34.154245],[-118.132349,34.154272],[-118.132371,34.157743],[-118.132113,34.157717],[-118.131706,34.157699],[-118.130976,34.157708],[-118.121438,34.157814],[-118.113177,34.157894]]},"properties":{"OID":60,"Name":"North Loop Line (Pasadena Local)"}},{"type":"Feature","id":61,"geometry":{"type":"LineString","coordinates":[[-118.109604,34.169148],[-118.116058,34.169114],[-118.122511,34.169062],[-118.140385,34.168938],[-118.141501,34.168929],[-118.141608,34.168911],[-118.141619,34.167482],[-118.14148,34.154192]]},"properties":{"OID":61,"Name":"East Washington Line (Pasadena Local)"}},{"type":"Feature","id":62,"geometry":{"type":"LineString","coordinates":[[-118.141437,34.145881],[-118.141383,34.142108],[-118.14134,34.135883],[-118.1412,34.135847],[-118.127854,34.135918]]},"properties":{"OID":62,"Name":"South Loop/Tournament Park Line (Pasadena Local)"}},{"type":"Feature","id":63,"geometry":{"type":"LineString","coordinates":[[-118.166081,34.135732],[-118.160888,34.135723],[-118.153936,34.135758],[-118.148732,34.135776],[-118.14885,34.145775]]},"properties":{"OID":63,"Name":"Arroyo Seco Line (Pasadena Local)"}},{"type":"Feature","id":64,"geometry":{"type":"LineString","coordinates":[[-118.150329,34.124062],[-118.155459,34.124026]]},"properties":{"OID":64,"Name":"Columbia St Line"}},{"type":"Feature","id":65,"geometry":{"type":"LineString","coordinates":[[-118.148056,34.138378],[-118.14811,34.145757]]},"properties":{"OID":65,"Name":"Broadway Line"}},{"type":"Feature","id":66,"geometry":{"type":"LineString","coordinates":[[-118.150417,34.115864],[-118.153077,34.115793],[-118.15783,34.115722],[-118.165137,34.115704],[-118.166397,34.115682],[-118.166703,34.115633],[-118.166966,34.115495],[-118.168323,34.114176],[-118.169734,34.112826],[-118.170828,34.112311],[-118.171815,34.112093],[-118.174937,34.111258],[-118.175254,34.11128],[-118.175662,34.111432],[-118.178462,34.112515],[-118.179578,34.112888],[-118.180361,34.113226],[-118.181187,34.113421],[-118.181777,34.113501],[-118.182281,34.11351],[-118.182732,34.113528],[-118.183161,34.113688],[-118.183569,34.113901],[-118.183955,34.113972],[-118.184524,34.113954],[-118.184953,34.113856],[-118.185554,34.113785],[-118.186004,34.113732],[-118.18623,34.113626],[-118.188086,34.112009],[-118.188515,34.11168],[-118.191079,34.110472],[-118.196883,34.107576],[-118.20125,34.105426],[-118.202076,34.105],[-118.202612,34.104627],[-118.20287,34.104263],[-118.202977,34.103783],[-118.202924,34.103392],[-118.20287,34.103019],[-118.202924,34.102744],[-118.202999,34.102459],[-118.203782,34.100052],[-118.204093,34.099323],[-118.204275,34.098959],[-118.204544,34.098657],[-118.204919,34.098399],[-118.20538,34.09815],[-118.205584,34.098017],[-118.205777,34.097813],[-118.20832,34.094739],[-118.210584,34.09186],[-118.211056,34.091229],[-118.211153,34.090954],[-118.211174,34.090598],[-118.211131,34.090261],[-118.211153,34.089817],[-118.211238,34.08947],[-118.211399,34.089061],[-118.211646,34.088599],[-118.211871,34.088306],[-118.212022,34.088102],[-118.21215,34.087817],[-118.212537,34.086884],[-118.21303,34.085809],[-118.213159,34.085303],[-118.213427,34.084503],[-118.213695,34.083064],[-118.213888,34.082193],[-118.214114,34.081491],[-118.215358,34.077545],[-118.215626,34.076852],[-118.215734,34.076488],[-118.215702,34.075448],[-118.215637,34.073831],[-118.215541,34.070054],[-118.215487,34.066081],[-118.215466,34.065859],[-118.215294,34.064694],[-118.215283,34.064232],[-118.215337,34.063583],[-118.215326,34.062864],[-118.215272,34.062064],[-118.215208,34.061086],[-118.21509,34.060366],[-118.214768,34.059299],[-118.214704,34.058748],[-118.214843,34.058135],[-118.215294,34.057042],[-118.215702,34.056517],[-118.216281,34.056055],[-118.216903,34.055824],[-118.217354,34.055646]]},"properties":{"OID":66,"Name":"South Pasadena Line"}},{"type":"Feature","id":67,"geometry":{"type":"LineString","coordinates":[[-118.182174,34.113537],[-118.18197,34.113652],[-118.181831,34.113803],[-118.181487,34.114345],[-118.180865,34.115482],[-118.180254,34.11653],[-118.179653,34.117534],[-118.178258,34.119976],[-118.177743,34.1209],[-118.177228,34.121806],[-118.17711,34.122064],[-118.177035,34.122517],[-118.176981,34.123005],[-118.17681,34.124639],[-118.176724,34.125252]]},"properties":{"OID":67,"Name":"Ave 64-Anandale Line"}},{"type":"Feature","id":68,"geometry":{"type":"LineString","coordinates":[[-117.71503,34.094579],[-117.723548,34.094588],[-117.72667,34.094099],[-117.727979,34.094019],[-117.741069,34.094046],[-117.745274,34.093433],[-117.745591,34.093308],[-117.745832,34.093113],[-117.746079,34.092855],[-117.746095,34.092313],[-117.746082,34.089666],[-117.746083,34.08927],[-117.746186,34.089183],[-117.747061,34.087142],[-117.747849,34.085525],[-117.74859,34.084756],[-117.749201,34.084081],[-117.749437,34.083797],[-117.749872,34.082944],[-117.750502,34.081315],[-117.750955,34.080358],[-117.75161,34.07918],[-117.75228,34.07783],[-117.752358,34.077474],[-117.752319,34.077103],[-117.752334,34.076728],[-117.75227,34.073128],[-117.752066,34.067654],[-117.751958,34.067414],[-117.750456,34.064623],[-117.750392,34.064454],[-117.750317,34.062188],[-117.750199,34.057975],[-117.750156,34.056935]]},"properties":{"OID":68,"Name":"Pomona - Claremont Line"}},{"type":"Feature","id":69,"geometry":{"type":"LineString","coordinates":[[-117.641516,34.09784],[-117.678144,34.097733],[-117.679603,34.097697],[-117.703142,34.095174],[-117.709225,34.094548],[-117.714981,34.094574]]},"properties":{"OID":69,"Name":"Pomona - Upland Line"}},{"type":"Feature","id":70,"geometry":{"type":"LineString","coordinates":[[-117.732185,34.062855],[-117.738719,34.062677],[-117.748858,34.062446],[-117.759018,34.062197],[-117.761174,34.062144],[-117.761292,34.062201],[-117.761341,34.06237],[-117.761405,34.064632],[-117.76147,34.066583],[-117.76155,34.068983],[-117.76155,34.069343],[-117.76147,34.069667],[-117.761394,34.069894],[-117.76103,34.07036],[-117.760692,34.070698],[-117.760284,34.070978],[-117.759522,34.071413],[-117.759243,34.071653],[-117.759066,34.071876],[-117.758943,34.072155],[-117.758841,34.072409],[-117.758755,34.072693],[-117.758616,34.073044],[-117.758482,34.073315],[-117.758299,34.073595],[-117.757768,34.074253],[-117.757312,34.074897],[-117.756577,34.075888],[-117.756317,34.076052],[-117.755925,34.076206],[-117.755687,34.076246],[-117.755453,34.076263],[-117.755298,34.076279],[-117.754981,34.076288],[-117.754683,34.07629],[-117.754498,34.07631],[-117.754158,34.076401],[-117.754067,34.076428],[-117.754005,34.076447],[-117.753863,34.07648],[-117.753527,34.07657],[-117.75331,34.076683],[-117.753122,34.076899],[-117.752624,34.077543],[-117.752302,34.077821]]},"properties":{"OID":70,"Name":"Holt Ave Line (Pomona Local)"}},{"type":"Feature","id":71,"geometry":{"type":"LineString","coordinates":[[-117.750306,34.057815],[-117.761786,34.057513],[-117.769747,34.057335]]},"properties":{"OID":71,"Name":"2nd St Line (Pomona Local)"}},{"type":"Feature","id":72,"geometry":{"type":"LineString","coordinates":[[-117.758422,34.058806],[-117.758653,34.058904],[-117.758862,34.05905],[-117.75897,34.059233],[-117.758975,34.059748],[-117.75905,34.062428],[-117.759136,34.065268],[-117.759265,34.068569],[-117.759388,34.071667],[-117.759361,34.072053],[-117.759157,34.072826],[-117.759147,34.073133],[-117.759195,34.073555],[-117.759286,34.073942],[-117.759356,34.074448],[-117.759436,34.076403],[-117.759565,34.077092],[-117.759737,34.077994],[-117.75986,34.078425],[-117.759957,34.078714],[-117.760187,34.079476],[-117.760466,34.080207],[-117.761067,34.081708],[-117.76141,34.082597],[-117.76177,34.083472],[-117.762682,34.085689],[-117.763465,34.087568],[-117.76412,34.089235],[-117.764592,34.090407],[-117.764841,34.091076],[-117.764951,34.09142],[-117.765198,34.0918],[-117.765487,34.092118],[-117.766024,34.093211],[-117.766399,34.09393],[-117.766861,34.094454],[-117.767333,34.094828],[-117.76788,34.095156],[-117.768459,34.095387],[-117.769017,34.095574],[-117.769575,34.095672],[-117.769897,34.095778]]},"properties":{"OID":72,"Name":"White Ave Line (Pomona Local)"}},{"type":"Feature","id":73,"geometry":{"type":"LineString","coordinates":[[-117.745215,34.040689],[-117.749228,34.040578],[-117.749426,34.040605],[-117.749491,34.04068],[-117.749528,34.040756],[-117.749593,34.042716],[-117.749695,34.044899],[-117.749732,34.047037],[-117.749856,34.049415],[-117.749941,34.052157],[-117.750032,34.055339],[-117.750124,34.056775],[-117.750156,34.056935]]},"properties":{"OID":73,"Name":"Garey Ave. Line Extension (Pomona Local)"}},{"type":"Feature","id":74,"geometry":{"type":"LineString","coordinates":[[-117.76038,34.080042],[-117.759858,34.079514],[-117.75917,34.079054],[-117.758359,34.078637],[-117.757704,34.078318],[-117.756086,34.07755],[-117.754362,34.076723],[-117.752902,34.076061],[-117.752562,34.075914],[-117.752355,34.075701]]},"properties":{"OID":74,"Name":"Mc Kinley Ave Connector (Pomona Local)"}},{"type":"Feature","id":75,"geometry":{"type":"LineString","coordinates":[[-117.57011,33.88375],[-117.57026,33.882739],[-117.570351,33.882004],[-117.570614,33.880548],[-117.570818,33.879127],[-117.570775,33.879056],[-117.570695,33.879025],[-117.567734,33.8787],[-117.564268,33.878317],[-117.55996,33.877849],[-117.558995,33.877742],[-117.558614,33.877649],[-117.558351,33.877591],[-117.554939,33.877439],[-117.5545,33.877404],[-117.554022,33.877355],[-117.553614,33.877288],[-117.553239,33.87719],[-117.552322,33.876981],[-117.551833,33.876807],[-117.551426,33.876633],[-117.550986,33.87641],[-117.550584,33.876117],[-117.550128,33.875796],[-117.549554,33.87535],[-117.549178,33.874959],[-117.548937,33.874714],[-117.548797,33.87462],[-117.548663,33.874562],[-117.548228,33.874522],[-117.547349,33.874469],[-117.544334,33.874264],[-117.539817,33.874046],[-117.534925,33.873738],[-117.532291,33.873551],[-117.531722,33.873542],[-117.530923,33.873582],[-117.529609,33.873783],[-117.528305,33.87413],[-117.527313,33.874527],[-117.526379,33.874941],[-117.524748,33.875845],[-117.52345,33.876598],[-117.52139,33.877782],[-117.519153,33.87902],[-117.517962,33.879715],[-117.51527,33.881269],[-117.512587,33.882806],[-117.511155,33.883585],[-117.508671,33.885006],[-117.505485,33.886823],[-117.502701,33.888399],[-117.501746,33.888951],[-117.500979,33.889366],[-117.500308,33.889744],[-117.499149,33.890425],[-117.4979,33.891147],[-117.496532,33.891913],[-117.495335,33.892598],[-117.494166,33.893253],[-117.493114,33.893868],[-117.490566,33.895315],[-117.489134,33.896143],[-117.4879,33.89682],[-117.485229,33.898342],[-117.482702,33.899794],[-117.48024,33.901183],[-117.477708,33.902639],[-117.476436,33.903352],[-117.473239,33.905186],[-117.470589,33.906673],[-117.468379,33.90792],[-117.466727,33.908868],[-117.465461,33.909611],[-117.46339,33.910778],[-117.461266,33.911975],[-117.45889,33.91332],[-117.456449,33.914718],[-117.452989,33.916681],[-117.449561,33.918613],[-117.446804,33.920149],[-117.444448,33.921538],[-117.4405,33.923781],[-117.436064,33.926296],[-117.43321,33.927934],[-117.43034,33.929558],[-117.427492,33.931179],[-117.423903,33.933199],[-117.42048,33.9351],[-117.41761,33.936804],[-117.414536,33.938549],[-117.410604,33.94077],[-117.407128,33.942732],[-117.404301,33.944343],[-117.4012,33.946124],[-117.401056,33.946221],[-117.400927,33.946386],[-117.400825,33.946546],[-117.399189,33.949158],[-117.397569,33.95169],[-117.396271,33.953817],[-117.394988,33.95578],[-117.393186,33.958672],[-117.392129,33.960367],[-117.390649,33.962565],[-117.388868,33.965252],[-117.386861,33.96826],[-117.385311,33.970605],[-117.384539,33.971775],[-117.384346,33.972019],[-117.384126,33.972255],[-117.383959,33.97238],[-117.382935,33.973336],[-117.382237,33.973946],[-117.381009,33.97508],[-117.38037,33.975649],[-117.380145,33.975841],[-117.379957,33.976068],[-117.379748,33.976206],[-117.379475,33.976277],[-117.379222,33.976294],[-117.378858,33.976357],[-117.378514,33.976428],[-117.378262,33.97645],[-117.378123,33.97649],[-117.377994,33.976619],[-117.377876,33.976788],[-117.376986,33.978132],[-117.375698,33.980071],[-117.374706,33.981628],[-117.373885,33.982842],[-117.373182,33.98391]]},"properties":{"OID":75,"Name":"Riverside-Corona Line"}},{"type":"Feature","id":76,"geometry":{"type":"LineString","coordinates":[[-117.379528,33.976682],[-117.378949,33.976392],[-117.37882,33.976392],[-117.378477,33.976459],[-117.378337,33.97647],[-117.378198,33.976504],[-117.378091,33.976561],[-117.376776,33.978505],[-117.375542,33.980383],[-117.373633,33.983336],[-117.372292,33.985231],[-117.370876,33.987295],[-117.370124,33.988407],[-117.369974,33.988638],[-117.369904,33.988656],[-117.369373,33.98842],[-117.367834,33.987704],[-117.365071,33.986436],[-117.364057,33.985961],[-117.363676,33.985792],[-117.363483,33.985743],[-117.363414,33.985836],[-117.36321,33.986138],[-117.362856,33.986654],[-117.362588,33.986966],[-117.362325,33.987206],[-117.360892,33.988847],[-117.358704,33.991231],[-117.356687,33.994291],[-117.350979,34.002652],[-117.342696,34.015175],[-117.340154,34.018732],[-117.338748,34.020324],[-117.335658,34.023605],[-117.333488,34.026172],[-117.332505,34.02735],[-117.331884,34.027973],[-117.331651,34.028358],[-117.331468,34.02872],[-117.331334,34.029087],[-117.331236,34.029335],[-117.331133,34.029662],[-117.330857,34.030314],[-117.33068,34.030745],[-117.330047,34.03247],[-117.329526,34.03403],[-117.328856,34.035844],[-117.327923,34.0384],[-117.327279,34.040076],[-117.327139,34.0406],[-117.326662,34.043099],[-117.326249,34.045357],[-117.325975,34.046744],[-117.325267,34.050633],[-117.324838,34.052966],[-117.324468,34.054819],[-117.324404,34.055357],[-117.324371,34.056068],[-117.32435,34.058268],[-117.324334,34.058659],[-117.324264,34.059397],[-117.324173,34.059797],[-117.32362,34.062641],[-117.323366,34.063646],[-117.323336,34.063757],[-117.32332,34.063814],[-117.323272,34.063983],[-117.32325,34.064108],[-117.323218,34.064272],[-117.323188,34.064432],[-117.323132,34.064748],[-117.323057,34.065103],[-117.322998,34.065419],[-117.322778,34.066494],[-117.322596,34.067036],[-117.322515,34.067236],[-117.322378,34.067474],[-117.322177,34.067738],[-117.321885,34.06801],[-117.321244,34.068474],[-117.320887,34.06868],[-117.3206,34.068889],[-117.319828,34.069463],[-117.318921,34.07016],[-117.316657,34.071809],[-117.314233,34.073577],[-117.311867,34.075324],[-117.309619,34.076968],[-117.308348,34.078025],[-117.307237,34.079083],[-117.30566,34.080686],[-117.303493,34.082872],[-117.302077,34.084441],[-117.299958,34.086582],[-117.299518,34.086938],[-117.29911,34.08732],[-117.297571,34.088857],[-117.296471,34.089968],[-117.296176,34.090301],[-117.295758,34.090763],[-117.295597,34.091043],[-117.295446,34.091323],[-117.295377,34.091629],[-117.295318,34.091931],[-117.295296,34.092202],[-117.295302,34.09242],[-117.295318,34.094703],[-117.295387,34.097458],[-117.295414,34.101775],[-117.295489,34.104529]]},"properties":{"OID":76,"Name":"San Bernardino - Riverside Line"}},{"type":"Feature","id":77,"geometry":{"type":"LineString","coordinates":[[-118.44874,33.958708],[-118.448941,33.958467],[-118.449054,33.95832],[-118.449172,33.958125],[-118.449333,33.957884],[-118.449579,33.957778],[-118.449816,33.957751],[-118.45017,33.957858],[-118.450427,33.958062],[-118.450663,33.958427],[-118.450856,33.95873],[-118.451307,33.959433],[-118.451521,33.959887],[-118.451629,33.960296],[-118.45194,33.960759],[-118.452444,33.961488],[-118.454,33.963838],[-118.456564,33.967735],[-118.45769,33.969497],[-118.458881,33.971054],[-118.461553,33.974506],[-118.464825,33.978661],[-118.466638,33.980948],[-118.468677,33.983261],[-118.469943,33.984808]]},"properties":{"OID":77,"Name":"Venice - Del Rey Shuttle Line"}},{"type":"Feature","id":78,"geometry":{"type":"LineString","coordinates":[[-117.36174,33.987878],[-117.362019,33.987744],[-117.362437,33.987735],[-117.362995,33.987896],[-117.363532,33.988082],[-117.363982,33.988278],[-117.364508,33.988527],[-117.367179,33.989728],[-117.367662,33.989959],[-117.368124,33.990102],[-117.36866,33.990155],[-117.369068,33.990119],[-117.369636,33.990102],[-117.370173,33.990066],[-117.370634,33.989959],[-117.370763,33.989897],[-117.373391,33.985947],[-117.376352,33.981535],[-117.379904,33.976152]]},"properties":{"OID":78,"Name":"Market Street Tracks"}},{"type":"Feature","id":79,"geometry":{"type":"LineString","coordinates":[[-117.374014,33.994229],[-117.375076,33.992512],[-117.372876,33.991498],[-117.371836,33.991044],[-117.371964,33.990742],[-117.370666,33.990164],[-117.370044,33.989781],[-117.369819,33.989443],[-117.369765,33.98907],[-117.369904,33.988656],[-117.373252,33.983759],[-117.377586,33.977104],[-117.378252,33.976232],[-117.378252,33.976134],[-117.377576,33.975823],[-117.37528,33.974764],[-117.374958,33.974604],[-117.37485,33.97447],[-117.374888,33.974266],[-117.374963,33.974026],[-117.375054,33.973861],[-117.376015,33.972442],[-117.376159,33.972197],[-117.376218,33.972006],[-117.376256,33.97181],[-117.376277,33.97149],[-117.376294,33.970854],[-117.37631,33.970275],[-117.376352,33.96996],[-117.376385,33.969737],[-117.376438,33.969519],[-117.376471,33.969341],[-117.376444,33.969176],[-117.376369,33.969025],[-117.376208,33.968923],[-117.375795,33.96874],[-117.37528,33.9685],[-117.375022,33.968411],[-117.374443,33.968287],[-117.374325,33.968269],[-117.374142,33.96818],[-117.37146,33.966925],[-117.368751,33.965666],[-117.368531,33.965555],[-117.368542,33.96547],[-117.369701,33.963731],[-117.370318,33.962836],[-117.370334,33.962685],[-117.37035,33.96123],[-117.370291,33.961088],[-117.370216,33.961008],[-117.3694,33.960483],[-117.369132,33.9603],[-117.368944,33.96014],[-117.368821,33.960016],[-117.368746,33.959856]]},"properties":{"OID":79,"Name":"Fairmount Park - Victoria Hill Line (Riverside Local)"}},{"type":"Feature","id":80,"geometry":{"type":"LineString","coordinates":[[-117.367855,33.980174],[-117.372383,33.982291],[-117.38117,33.986374],[-117.384657,33.987993],[-117.38514,33.988251],[-117.385472,33.988358]]},"properties":{"OID":80,"Name":"Roubidoux Line (Riverside Local)"}},{"type":"Feature","id":81,"geometry":{"type":"LineString","coordinates":[[-117.378252,33.976232],[-117.378466,33.976197],[-117.380548,33.977175],[-117.381771,33.977691],[-117.382693,33.978172],[-117.383015,33.978261],[-117.383251,33.97819],[-117.385826,33.976286],[-117.387071,33.975325],[-117.387435,33.97496],[-117.388154,33.973883],[-117.389163,33.972308],[-117.393744,33.965448],[-117.396673,33.960963]]},"properties":{"OID":81,"Name":"Brockton Ave Line (Riverside Local)"}},{"type":"Feature","id":82,"geometry":{"type":"LineString","coordinates":[[-117.370757,33.989946],[-117.370334,33.990546],[-117.369896,33.991198],[-117.369494,33.991798],[-117.369395,33.991979],[-117.369314,33.992174],[-117.369266,33.992357],[-117.369239,33.992539],[-117.369239,33.992726],[-117.369256,33.992919],[-117.369322,33.993138],[-117.369419,33.993346],[-117.369521,33.993513],[-117.369628,33.993638],[-117.369797,33.993807],[-117.370022,33.994007],[-117.370197,33.994194],[-117.37033,33.994335],[-117.370441,33.99449],[-117.370559,33.994696],[-117.370623,33.994901],[-117.370637,33.995039],[-117.37065,33.995176],[-117.370629,33.995427],[-117.370576,33.995661],[-117.370521,33.995888],[-117.37048,33.996053],[-117.370446,33.996219],[-117.370428,33.99635],[-117.370417,33.996483],[-117.370424,33.996596],[-117.37044,33.996706],[-117.370471,33.996845],[-117.370513,33.99698],[-117.37056,33.997098],[-117.370629,33.997208],[-117.370698,33.997323],[-117.3708,33.997454],[-117.371015,33.997636],[-117.371121,33.997722],[-117.371243,33.997803],[-117.371409,33.997894],[-117.371578,33.997974],[-117.37198,33.998161],[-117.372442,33.99841],[-117.372732,33.998592],[-117.373139,33.998886],[-117.373445,33.999135],[-117.373772,33.999446],[-117.374153,33.999806],[-117.374459,34.000162],[-117.374674,34.000416],[-117.375028,34.000842],[-117.375355,34.001283],[-117.37565,34.001638],[-117.375977,34.002163],[-117.376068,34.002461],[-117.376245,34.002719],[-117.376583,34.003115],[-117.37705,34.003666],[-117.377409,34.004071],[-117.377758,34.004489],[-117.378053,34.004889],[-117.378493,34.005472],[-117.378986,34.006068],[-117.380746,34.008247],[-117.38099,34.008547],[-117.38124,34.008847],[-117.381631,34.009323],[-117.381905,34.009714],[-117.382345,34.010324],[-117.382683,34.010759],[-117.382886,34.01115],[-117.38301,34.011484],[-117.38324,34.012009],[-117.383772,34.01332],[-117.384158,34.014276],[-117.384608,34.015486],[-117.38507,34.016691],[-117.385306,34.017367],[-117.385526,34.01782],[-117.385853,34.018252],[-117.386089,34.018576],[-117.386245,34.01887],[-117.386346,34.01915],[-117.386513,34.019719],[-117.386883,34.020897],[-117.38713,34.021555],[-117.387752,34.02336],[-117.388138,34.024668],[-117.388637,34.026477],[-117.3889,34.027313],[-117.389056,34.028091],[-117.389179,34.029011],[-117.389495,34.030185],[-117.389871,34.031452],[-117.390445,34.033337],[-117.390643,34.033777],[-117.391126,34.034902],[-117.391577,34.036088],[-117.391738,34.036444],[-117.392178,34.037195],[-117.392912,34.038654],[-117.393556,34.03996],[-117.393664,34.04008],[-117.393755,34.040138],[-117.393889,34.040152],[-117.39619,34.040103],[-117.396619,34.040107],[-117.396925,34.040116],[-117.397059,34.040227],[-117.397102,34.04044],[-117.39714,34.041885],[-117.397188,34.04537],[-117.397226,34.04749],[-117.397338,34.047664],[-117.39758,34.047952],[-117.397993,34.048477],[-117.398223,34.048984],[-117.398331,34.049397],[-117.39847,34.050113],[-117.398534,34.05057],[-117.398545,34.051184],[-117.398561,34.052339],[-117.398556,34.054113],[-117.398567,34.055064],[-117.398588,34.05777],[-117.398583,34.061281],[-117.398593,34.063197],[-117.398615,34.067574],[-117.398744,34.071644],[-117.398508,34.072018],[-117.397091,34.072018],[-117.395568,34.072018],[-117.394688,34.072178],[-117.394077,34.072462],[-117.392682,34.073644],[-117.389989,34.075874],[-117.386942,34.078425],[-117.384088,34.080762],[-117.381964,34.082619],[-117.378928,34.085081],[-117.375441,34.088048],[-117.372147,34.090758],[-117.37058,34.092056],[-117.370355,34.092287],[-117.370318,34.092438],[-117.370328,34.092993],[-117.370334,34.095298],[-117.370355,34.097764],[-117.370366,34.100842],[-117.370366,34.101127],[-117.370366,34.101207],[-117.370393,34.101278],[-117.370446,34.101349],[-117.370595,34.101409]]},"properties":{"OID":82,"Name":"Riverside - Rialto Line"}},{"type":"Feature","id":83,"geometry":{"type":"LineString","coordinates":[[-117.368048,33.990102],[-117.36837,33.990468],[-117.368652,33.990882],[-117.368869,33.99132],[-117.369019,33.991761],[-117.369143,33.992148],[-117.369239,33.992539]]},"properties":{"OID":83,"Name":"Riverside Market Junction Connection"}},{"type":"Feature","id":84,"geometry":{"type":"LineString","coordinates":[[-117.670708,34.151846],[-117.670528,34.151849],[-117.670403,34.151857],[-117.670309,34.151886],[-117.670215,34.151937],[-117.67006,34.152057],[-117.669851,34.152199],[-117.669545,34.152279],[-117.669298,34.15231],[-117.668992,34.152288],[-117.66866,34.152221],[-117.668166,34.152074],[-117.667828,34.152034],[-117.667372,34.15203],[-117.666589,34.152168],[-117.665827,34.152301],[-117.665377,34.152447],[-117.664996,34.152625],[-117.664626,34.152847],[-117.664277,34.153002],[-117.663934,34.153135],[-117.663585,34.153175],[-117.663284,34.153171],[-117.662764,34.153193],[-117.661884,34.153193],[-117.659352,34.153215],[-117.656552,34.153251],[-117.654106,34.153211],[-117.653736,34.153184],[-117.65335,34.153082],[-117.653044,34.152976],[-117.652663,34.152785],[-117.652363,34.152545],[-117.652062,34.152256],[-117.651837,34.151879],[-117.651644,34.151435],[-117.651483,34.151013],[-117.651349,34.150645],[-117.651327,34.150427],[-117.651349,34.147586],[-117.651311,34.14486],[-117.651306,34.140909],[-117.65129,34.137201],[-117.651263,34.13269],[-117.651252,34.12876],[-117.651231,34.122708],[-117.65122,34.117645],[-117.651166,34.110361],[-117.651172,34.104374],[-117.651123,34.096836],[-117.651118,34.092522],[-117.65114,34.088306],[-117.651097,34.087213],[-117.651107,34.084912],[-117.651059,34.081238],[-117.651059,34.07711],[-117.651043,34.072111],[-117.651059,34.06908],[-117.651011,34.064761],[-117.651011,34.062028],[-117.650995,34.061628]]},"properties":{"OID":84,"Name":"Ontario - San Antonio Heights Line"}},{"type":"Feature","id":85,"geometry":{"type":"LineString","coordinates":[[-117.1826,34.055566],[-117.184746,34.055584],[-117.185036,34.055575],[-117.185293,34.055539],[-117.185631,34.055388],[-117.186774,34.054784],[-117.1982,34.048446]]},"properties":{"OID":85,"Name":"Brookside Line (Redlands Local)"}},{"type":"Feature","id":86,"geometry":{"type":"LineString","coordinates":[[-117.1826,34.055566],[-117.18259,34.055299],[-117.182547,34.055086],[-117.18245,34.054908],[-117.182225,34.054624],[-117.181334,34.053495],[-117.178953,34.050526],[-117.176485,34.047397],[-117.17656,34.047344],[-117.177654,34.046748],[-117.181882,34.044401],[-117.183748,34.043388],[-117.182761,34.04217],[-117.179178,34.037671],[-117.178116,34.036302],[-117.178245,34.036222],[-117.181034,34.034702],[-117.186162,34.031856],[-117.186645,34.031865],[-117.187761,34.031954],[-117.188319,34.03199],[-117.188593,34.031963],[-117.188737,34.031919],[-117.188904,34.03187],[-117.189226,34.031839],[-117.191141,34.031803]]},"properties":{"OID":86,"Name":"Smiley Heights Line (Redlands Local)"}},{"type":"Feature","id":87,"geometry":{"type":"LineString","coordinates":[[-117.181324,34.053397],[-117.18362,34.052162],[-117.185819,34.050944],[-117.191656,34.047726],[-117.198501,34.043921],[-117.206043,34.039787],[-117.206891,34.03928],[-117.207255,34.038969]]},"properties":{"OID":87,"Name":"Olive Ave Line (Redlands Local)"}},{"type":"Feature","id":88,"geometry":{"type":"LineString","coordinates":[[-117.176485,34.047397],[-117.175836,34.046579],[-117.174221,34.044566],[-117.172177,34.041983],[-117.170901,34.040405],[-117.169967,34.03924],[-117.169758,34.03904],[-117.169554,34.038898],[-117.169313,34.038796],[-117.168251,34.038729],[-117.167961,34.038667],[-117.167725,34.038574],[-117.167366,34.038373],[-117.165906,34.03752],[-117.164812,34.036746],[-117.164512,34.036435],[-117.163503,34.034942],[-117.162709,34.03383],[-117.162162,34.032532],[-117.161604,34.031083],[-117.161336,34.030763],[-117.160918,34.030594],[-117.159995,34.030194],[-117.159716,34.029989],[-117.158879,34.029251],[-117.157398,34.02774],[-117.15713,34.027508],[-117.156701,34.027268],[-117.154952,34.026317],[-117.154416,34.026201],[-117.153128,34.025979],[-117.151176,34.025552],[-117.149202,34.025321]]},"properties":{"OID":88,"Name":"Country Club Line (Redlands Local)"}},{"type":"Feature","id":89,"geometry":{"type":"LineString","coordinates":[[-117.295532,34.1046],[-117.291563,34.104582],[-117.290887,34.104582],[-117.281896,34.104582],[-117.281536,34.104571],[-117.281188,34.104565],[-117.280839,34.104487],[-117.28049,34.104414],[-117.277615,34.099901],[-117.275147,34.09521],[-117.273688,34.092242],[-117.273388,34.092136],[-117.26311,34.092153],[-117.25487,34.092118],[-117.248046,34.092207],[-117.243733,34.085845],[-117.243669,34.080922],[-117.243626,34.078345],[-117.243412,34.078043],[-117.242982,34.07767],[-117.242553,34.077545],[-117.228627,34.077563],[-117.210002,34.077581],[-117.20895,34.077563],[-117.207577,34.077425],[-117.204251,34.077403],[-117.198608,34.077403],[-117.186162,34.077279],[-117.182558,34.077256],[-117.18244,34.077216],[-117.182391,34.07711],[-117.182397,34.076661],[-117.182429,34.074133],[-117.182461,34.071387],[-117.182466,34.068307],[-117.182482,34.065241],[-117.18252,34.062068],[-117.182563,34.05901],[-117.18259,34.056464],[-117.1826,34.055566]]},"properties":{"OID":89,"Name":"San Bernardino-Redlands Line"}},{"type":"Feature","id":90,"geometry":{"type":"LineString","coordinates":[[-117.267868,34.183921],[-117.268624,34.184032],[-117.269172,34.184129],[-117.269558,34.184253],[-117.270073,34.184515],[-117.270577,34.184777],[-117.271162,34.185092],[-117.271451,34.185208],[-117.271698,34.185252],[-117.272031,34.185234],[-117.272342,34.185185],[-117.272648,34.18507],[-117.272948,34.184906],[-117.273152,34.184773],[-117.27335,34.184622],[-117.273479,34.184444],[-117.273608,34.184244],[-117.273645,34.184127],[-117.273651,34.184005],[-117.273651,34.183796],[-117.273635,34.183557],[-117.273624,34.183295],[-117.273602,34.183126],[-117.27357,34.18294],[-117.273511,34.182776],[-117.273415,34.18262],[-117.273318,34.182461],[-117.273195,34.182296],[-117.273061,34.18215],[-117.272846,34.181919],[-117.272674,34.181711],[-117.272578,34.181546],[-117.272487,34.181398],[-117.272363,34.181214],[-117.272192,34.18104],[-117.271956,34.18081],[-117.27165,34.180583],[-117.271376,34.180424],[-117.271253,34.180317],[-117.271129,34.180195],[-117.271046,34.180083],[-117.270985,34.179966],[-117.27091,34.179736],[-117.270904,34.17954],[-117.270958,34.179361],[-117.271065,34.179186],[-117.271248,34.178959],[-117.271424,34.178795],[-117.271591,34.178684],[-117.271746,34.178591],[-117.272025,34.178524],[-117.272331,34.178444],[-117.272819,34.178347],[-117.273409,34.178227],[-117.273817,34.178142],[-117.274284,34.178063],[-117.274906,34.177974],[-117.275405,34.177925],[-117.275963,34.177876],[-117.27658,34.177867],[-117.277143,34.177907],[-117.277696,34.177978],[-117.278473,34.178112],[-117.279037,34.178218],[-117.279686,34.178329],[-117.280533,34.178489],[-117.280882,34.178533],[-117.281279,34.1786],[-117.281821,34.178662],[-117.282282,34.178697],[-117.282373,34.178706],[-117.282502,34.178711],[-117.282752,34.178726],[-117.282923,34.178732],[-117.283135,34.178757],[-117.284101,34.178835],[-117.284938,34.178906],[-117.285522,34.178955],[-117.285989,34.178986],[-117.28644,34.178924],[-117.287089,34.178782],[-117.287459,34.178684],[-117.2877,34.178608],[-117.287904,34.178458],[-117.288092,34.178285],[-117.288285,34.178129],[-117.288494,34.177912],[-117.288666,34.177694],[-117.288827,34.177446],[-117.288977,34.177193],[-117.288886,34.17694],[-117.288902,34.176638],[-117.288896,34.176341],[-117.288902,34.175644],[-117.288902,34.175147],[-117.288902,34.174756],[-117.288923,34.172635],[-117.28895,34.169652],[-117.288945,34.16746],[-117.288912,34.166284],[-117.288918,34.16592],[-117.28887,34.165596],[-117.288821,34.1652],[-117.288757,34.164859],[-117.288666,34.164561],[-117.288601,34.164348],[-117.288483,34.163824],[-117.288344,34.163429],[-117.288178,34.162897],[-117.288038,34.162515],[-117.287716,34.161556],[-117.287528,34.160975],[-117.287394,34.160571],[-117.287266,34.159905],[-117.287217,34.159479],[-117.287196,34.158946],[-117.287196,34.158693],[-117.287201,34.156682],[-117.287223,34.154156],[-117.287234,34.151639],[-117.287239,34.149309],[-117.28726,34.147373],[-117.28726,34.144993],[-117.287292,34.14237],[-117.287282,34.140616],[-117.287303,34.138334],[-117.28733,34.136202],[-117.287333,34.136085],[-117.287352,34.136007],[-117.287402,34.135962],[-117.28747,34.135943],[-117.287625,34.13594],[-117.28946,34.135949],[-117.29153,34.135954],[-117.291648,34.135914],[-117.291707,34.135807],[-117.291793,34.135674],[-117.291858,34.135541],[-117.291879,34.135376],[-117.291911,34.133565],[-117.291911,34.130887],[-117.291906,34.127228],[-117.291917,34.123232],[-117.291922,34.120105],[-117.291911,34.115731],[-117.291906,34.11132],[-117.291884,34.107456],[-117.291895,34.104924],[-117.291887,34.104667],[-117.291914,34.104629],[-117.29197,34.104598]]},"properties":{"OID":90,"Name":"Arrowhead Springs Line (San Bernardino Local)"}},{"type":"Feature","id":91,"geometry":{"type":"LineString","coordinates":[[-117.296863,34.089372],[-117.294577,34.091611],[-117.294234,34.091949],[-117.294148,34.092144],[-117.294116,34.092367],[-117.294127,34.094126],[-117.294138,34.099687],[-117.294138,34.104538],[-117.291895,34.104529]]},"properties":{"OID":91,"Name":"Urbita Springs Line (San Bernardino Local)"}},{"type":"Feature","id":92,"geometry":{"type":"LineString","coordinates":[[-117.322494,34.065165],[-117.324318,34.065441],[-117.324511,34.065485],[-117.324597,34.065592],[-117.324446,34.066303],[-117.323685,34.069902],[-117.322955,34.073342],[-117.322215,34.076834],[-117.322215,34.07703],[-117.322226,34.07886],[-117.322204,34.079287],[-117.32214,34.079562],[-117.322,34.079714],[-117.321807,34.079847],[-117.321378,34.079998],[-117.320638,34.080256],[-117.319715,34.08062],[-117.318846,34.08094],[-117.318267,34.081189],[-117.317891,34.081464],[-117.316743,34.082477],[-117.315424,34.083579],[-117.314533,34.084352],[-117.31404,34.084738],[-117.313895,34.084872],[-117.31383,34.085001],[-117.313836,34.085276],[-117.313825,34.087617],[-117.313825,34.09055],[-117.313825,34.09318],[-117.313846,34.096476],[-117.313841,34.099932],[-117.313841,34.101726],[-117.31383,34.102228],[-117.313798,34.102517],[-117.313739,34.102699],[-117.313723,34.102934],[-117.313739,34.103414],[-117.313712,34.103574],[-117.313589,34.10365],[-117.313213,34.103659],[-117.312285,34.103667],[-117.311609,34.103707],[-117.309834,34.10381],[-117.308353,34.103894],[-117.308026,34.104041],[-117.307758,34.104236],[-117.307495,34.10444],[-117.307178,34.104547],[-117.306851,34.104587],[-117.306417,34.104591],[-117.305499,34.104582],[-117.302624,34.104565],[-117.301385,34.104582],[-117.301023,34.1046],[-117.300811,34.104607],[-117.300599,34.104614],[-117.300199,34.104631],[-117.299572,34.104627],[-117.299008,34.104617],[-117.29794,34.104613],[-117.296872,34.104617],[-117.296549,34.104619],[-117.296231,34.104616],[-117.295586,34.104619],[-117.294871,34.104614],[-117.294162,34.104615]]},"properties":{"OID":92,"Name":"Colton Line (San Bernardino Local)"}},{"type":"Feature","id":93,"geometry":{"type":"LineString","coordinates":[[-117.28703,34.1046],[-117.286836,34.104636],[-117.286584,34.10472],[-117.286359,34.104871],[-117.286128,34.105018],[-117.285903,34.105173],[-117.285688,34.105373],[-117.28549,34.105577],[-117.285302,34.1058],[-117.28519,34.106004],[-117.285136,34.106204],[-117.285141,34.107905],[-117.285147,34.110174],[-117.285136,34.111058],[-117.285066,34.111227],[-117.284862,34.111409],[-117.28461,34.111614],[-117.284374,34.111694],[-117.284058,34.11176],[-117.283763,34.11176],[-117.283452,34.111636],[-117.283098,34.111423],[-117.282856,34.111218],[-117.282518,34.110996],[-117.281799,34.11069],[-117.281279,34.110508],[-117.280657,34.110308],[-117.280126,34.110246],[-117.27798,34.110223],[-117.274949,34.110214],[-117.268517,34.110201],[-117.26415,34.11021],[-117.256715,34.110192],[-117.251818,34.110197],[-117.243905,34.11017],[-117.240933,34.110223],[-117.234399,34.11033],[-117.228852,34.110366],[-117.227822,34.110366],[-117.227436,34.11041],[-117.227114,34.110543],[-117.226771,34.110721],[-117.226471,34.110987],[-117.226278,34.1112],[-117.22617,34.111387],[-117.22617,34.114949],[-117.226192,34.118848],[-117.226192,34.121167],[-117.226084,34.121371],[-117.225816,34.121673],[-117.225537,34.121922],[-117.225237,34.122188],[-117.225001,34.122419],[-117.224647,34.122703],[-117.224368,34.122899],[-117.224067,34.123041],[-117.223799,34.12313],[-117.223059,34.123138],[-117.220581,34.12313],[-117.218199,34.123112],[-117.217834,34.123192],[-117.217566,34.123334],[-117.217405,34.123511],[-117.217437,34.126869],[-117.217437,34.128272],[-117.217432,34.128458],[-117.217324,34.12852],[-117.212561,34.128525],[-117.207811,34.128512],[-117.207631,34.128498],[-117.207545,34.128438],[-117.207465,34.12837],[-117.207385,34.128262],[-117.207265,34.128155],[-117.207119,34.128074],[-117.205434,34.127743]]},"properties":{"OID":93,"Name":"Highland Line (San Bernardino Local)"}},{"type":"Feature","id":94,"geometry":{"type":"LineString","coordinates":[[-117.217458,34.128489],[-117.217501,34.128614],[-117.217544,34.128818],[-117.217544,34.131469],[-117.217523,34.13356]]},"properties":{"OID":94,"Name":"Highland Line - Patton Branch (San Bernardino Local)"}},{"type":"Feature","id":95,"geometry":{"type":"LineString","coordinates":[[-118.175592,33.765529],[-118.17476,33.769884]]},"properties":{"OID":95,"Name":"Esperanza Ave Line (Long Beach Local)"}},{"type":"Feature","id":96,"geometry":{"type":"LineString","coordinates":[[-118.189437,33.766884],[-118.188364,33.766751],[-118.185875,33.766466],[-118.183901,33.766234],[-118.183279,33.766234],[-118.182657,33.766358],[-118.181627,33.766234],[-118.176885,33.765609],[-118.173044,33.765092],[-118.168623,33.764521],[-118.167894,33.764432],[-118.16695,33.764254],[-118.165233,33.763915],[-118.164718,33.76379],[-118.163924,33.763362],[-118.163259,33.763219],[-118.158002,33.762149],[-118.152702,33.761007],[-118.151178,33.760918],[-118.150685,33.760882],[-118.149955,33.760739],[-118.146951,33.760044]]},"properties":{"OID":96,"Name":"E. Ocean - Esparanza Line (Long Beach Local)"}},{"type":"Feature","id":97,"geometry":{"type":"LineString","coordinates":[[-118.192334,33.768044],[-118.189427,33.768116],[-118.18742,33.76808],[-118.184502,33.768071],[-118.182421,33.768071],[-118.182228,33.768544],[-118.178902,33.768106],[-118.175254,33.767607]]},"properties":{"OID":97,"Name":"E. 1st - E. 2nd Line (Long Beach Local)"}},{"type":"Feature","id":98,"geometry":{"type":"LineString","coordinates":[[-118.119035,33.756279],[-118.11985,33.756297],[-118.120601,33.756404],[-118.128777,33.757992]]},"properties":{"OID":98,"Name":"Naples Spur (Long Beach Local)"}},{"type":"Feature","id":99,"geometry":{"type":"LineString","coordinates":[[-118.198063,33.767366],[-118.198053,33.777658],[-118.198042,33.781805],[-118.198042,33.78382],[-118.19404,33.783811],[-118.189609,33.783802],[-118.189416,33.7839]]},"properties":{"OID":99,"Name":"Magnolia Ave. Line (Long Beach Local)"}},{"type":"Feature","id":100,"geometry":{"type":"LineString","coordinates":[[-118.19242,33.770644],[-118.192398,33.783793]]},"properties":{"OID":100,"Name":"Pine Ave. Line (Long Beach Local)"}},{"type":"Feature","id":101,"geometry":{"type":"LineString","coordinates":[[-118.19375,33.767081],[-118.193772,33.768071],[-118.192334,33.768044],[-118.192442,33.770532],[-118.182421,33.770515],[-118.182421,33.76923],[-118.18197,33.769123],[-118.175361,33.768285],[-118.167808,33.767286],[-118.165812,33.766947],[-118.15871,33.765431],[-118.153904,33.764459],[-118.152412,33.764441],[-118.152401,33.768026],[-118.152423,33.775348],[-118.152401,33.781493]]},"properties":{"OID":101,"Name":"E. 3rd St - Redondo Ave Line (Long Beach Local)"}},{"type":"Feature","id":102,"geometry":{"type":"LineString","coordinates":[[-118.152412,33.764441],[-118.152412,33.76379],[-118.152412,33.763558],[-118.152069,33.762809],[-118.150942,33.761979],[-118.149526,33.761069],[-118.147616,33.760231],[-118.146898,33.760106],[-118.146211,33.759874],[-118.145406,33.759392],[-118.144258,33.758679],[-118.143604,33.758295],[-118.142746,33.757956],[-118.139913,33.756806],[-118.13472,33.754709],[-118.13089,33.752774],[-118.126556,33.75049],[-118.121213,33.747698],[-118.11691,33.745441],[-118.112158,33.743068],[-118.111095,33.742461],[-118.105924,33.739838],[-118.104771,33.741417],[-118.10469,33.741386],[-118.102743,33.740382],[-118.10049,33.739209],[-118.099294,33.738625]]},"properties":{"OID":102,"Name":"Long Beach-Alamitos Bay-Seal Beach Line (Long Beach Local)"}},{"type":"Feature","id":103,"geometry":{"type":"LineString","coordinates":[[-118.147885,33.760391],[-118.147219,33.760356],[-118.146157,33.760498],[-118.145031,33.760775],[-118.139591,33.762229],[-118.139387,33.762202],[-118.13589,33.760704],[-118.130633,33.758429],[-118.130075,33.758251],[-118.128777,33.757992]]},"properties":{"OID":103,"Name":"Long Beach-Alamitos Bay-Seal Beach Line Naples Spur (Long Beach Local)"}},{"type":"Feature","id":104,"geometry":{"type":"LineString","coordinates":[[-118.352602,33.86556],[-118.352644,33.919049]]},"properties":{"OID":104,"Name":"Hawthorne-El Nido Segment"}},{"type":"Feature","id":105,"geometry":{"type":"LineString","coordinates":[[-118.365224,34.090852],[-118.365449,34.090963],[-118.365642,34.091074],[-118.365787,34.091212],[-118.365938,34.091349],[-118.366002,34.097351],[-118.365809,34.097568],[-118.365632,34.097737],[-118.365482,34.097848],[-118.365299,34.097973]]},"properties":{"OID":105,"Name":"Quint Cutoff (Hollywood Local)"}},{"type":"Feature","id":106,"geometry":{"type":"LineString","coordinates":[[-118.366002,34.097351],[-118.366056,34.097555],[-118.366088,34.097666],[-118.366147,34.097777],[-118.366281,34.09788],[-118.366436,34.097964],[-118.366619,34.097999],[-118.365782,34.098008]]},"properties":{"OID":106,"Name":"Quint Cutoff Wye Track (North)"}},{"type":"Feature","id":107,"geometry":{"type":"LineString","coordinates":[[-118.365951,34.091418],[-118.366064,34.091316],[-118.366166,34.091185],[-118.366265,34.091072],[-118.366407,34.09096],[-118.36656,34.090861],[-118.366667,34.09081]]},"properties":{"OID":107,"Name":"Quint Cutoff Wye Track (South)"}},{"type":"Feature","id":108,"geometry":{"type":"LineString","coordinates":[[-118.309193,34.090821],[-118.309214,34.092669],[-118.3093,34.105346],[-118.309356,34.105386],[-118.309442,34.1054],[-118.31258,34.105391],[-118.313063,34.105389],[-118.313645,34.105342],[-118.314697,34.105295],[-118.316258,34.105282],[-118.318497,34.10528],[-118.321212,34.10526],[-118.324849,34.105238],[-118.324934,34.105215],[-118.325039,34.105182],[-118.32513,34.105113],[-118.325205,34.105036],[-118.32524,34.104958],[-118.325251,34.104412],[-118.325299,34.104298],[-118.32538,34.104165],[-118.32546,34.104047],[-118.325557,34.103963],[-118.325702,34.103872],[-118.325863,34.103807],[-118.326032,34.103754],[-118.32616,34.103743],[-118.326351,34.103741],[-118.326509,34.103754],[-118.326606,34.103741],[-118.326659,34.103683],[-118.326702,34.103605],[-118.326675,34.101658]]},"properties":{"OID":108,"Name":"Western and Franklin Avenue Line"}},{"type":"Feature","id":109,"geometry":{"type":"LineString","coordinates":[[-118.318033,34.105302],[-118.318033,34.10655],[-118.318039,34.10898],[-118.318017,34.109166],[-118.317953,34.109348],[-118.317781,34.109517],[-118.317513,34.109659],[-118.31725,34.109744],[-118.317025,34.109921],[-118.316676,34.110179],[-118.316059,34.110632],[-118.315635,34.110827],[-118.315458,34.111232],[-118.315432,34.111662],[-118.315158,34.11248],[-118.315008,34.112977],[-118.314927,34.113284],[-118.314943,34.11391],[-118.314852,34.114532],[-118.314965,34.114985],[-118.31527,34.115615],[-118.315399,34.116108],[-118.315415,34.116592],[-118.315314,34.117072],[-118.31534,34.117725],[-118.315705,34.118307],[-118.315855,34.118648],[-118.315839,34.119297],[-118.315871,34.119941],[-118.315904,34.121007],[-118.315641,34.121433],[-118.315372,34.121606]]},"properties":{"OID":109,"Name":"Brush Canyon Line (Hollywood Local)"}},{"type":"Feature","id":110,"geometry":{"type":"LineString","coordinates":[[-118.23982,34.04157],[-118.241268,34.039916],[-118.241354,34.039863],[-118.241462,34.039903],[-118.243039,34.040889],[-118.245984,34.042712],[-118.247153,34.043481],[-118.247942,34.043961],[-118.248956,34.044548],[-118.250179,34.045459],[-118.251026,34.045997],[-118.253499,34.047601],[-118.25535,34.048802],[-118.258188,34.050619],[-118.258397,34.050762],[-118.25844,34.050828],[-118.258429,34.050917],[-118.258359,34.050997],[-118.256879,34.052566],[-118.255559,34.054024],[-118.25403,34.055588],[-118.253242,34.056446],[-118.253199,34.056539],[-118.253252,34.056624],[-118.253376,34.056704],[-118.256042,34.058428],[-118.256552,34.058779],[-118.256922,34.059117],[-118.258316,34.060566],[-118.259497,34.061819],[-118.259625,34.062055]]},"properties":{"OID":110,"Name":"Old Glendale/Edendale Line Route"}},{"type":"Feature","id":111,"geometry":{"type":"LineString","coordinates":[[-118.49065,34.01377],[-118.493997,34.011555],[-118.494297,34.011457],[-118.494716,34.011413],[-118.495284,34.011413],[-118.495799,34.011502],[-118.496346,34.011671],[-118.496818,34.011938],[-118.497301,34.012356],[-118.500509,34.015299],[-118.502365,34.016891],[-118.504264,34.018367],[-118.508406,34.021578],[-118.510627,34.02332],[-118.511721,34.024076],[-118.513051,34.024859],[-118.515036,34.025872],[-118.517836,34.027242],[-118.518834,34.027837],[-118.519617,34.028353],[-118.520422,34.028664],[-118.521527,34.029349],[-118.523898,34.030683],[-118.524896,34.031181],[-118.525765,34.031572],[-118.526366,34.031821],[-118.526591,34.031776],[-118.526838,34.031634],[-118.527031,34.031456]]},"properties":{"OID":111,"Name":"Santa Monica Canyon Line"}},{"type":"Feature","id":112,"geometry":{"type":"LineString","coordinates":[[-118.47961,34.009563],[-118.480994,34.010648],[-118.482517,34.011875],[-118.483783,34.012978],[-118.486658,34.015459],[-118.491358,34.019461]]},"properties":{"OID":112,"Name":"Eighth Street Line (Santa Monica Local)"}},{"type":"Feature","id":113,"geometry":{"type":"LineString","coordinates":[[-118.507424,34.022222],[-118.506024,34.021],[-118.504398,34.019617],[-118.503567,34.018861],[-118.5025,34.017927],[-118.50126,34.016847],[-118.499576,34.015419],[-118.498068,34.01413],[-118.496116,34.015682],[-118.498111,34.017354],[-118.501266,34.02007],[-118.5045,34.022805],[-118.505606,34.023747],[-118.501888,34.026766]]},"properties":{"OID":113,"Name":"Third Street Line (Santa Monica Local)"}},{"type":"Feature","id":114,"geometry":{"type":"LineString","coordinates":[[-118.253287,33.780593],[-118.253337,33.780528],[-118.253354,33.780482],[-118.253361,33.780394],[-118.253346,33.780212],[-118.253271,33.779407],[-118.2532,33.778545],[-118.253141,33.777813],[-118.253072,33.776851],[-118.252991,33.775899],[-118.252901,33.774753],[-118.252862,33.774286],[-118.252854,33.774163],[-118.252868,33.774035],[-118.252888,33.773924],[-118.252935,33.773797],[-118.252992,33.773687],[-118.253055,33.773598],[-118.253133,33.773502],[-118.253218,33.773429],[-118.253412,33.773284],[-118.253643,33.773113],[-118.25386,33.772952],[-118.254014,33.772849],[-118.254143,33.772775],[-118.254422,33.772608],[-118.254913,33.772337],[-118.255838,33.77184],[-118.256812,33.771318],[-118.257795,33.770788],[-118.258404,33.770458],[-118.258567,33.770341],[-118.258791,33.770163],[-118.25964,33.769506],[-118.260478,33.768849],[-118.261149,33.768327],[-118.261685,33.767837],[-118.261886,33.767652],[-118.262002,33.767568],[-118.262124,33.767492],[-118.262296,33.767409],[-118.262481,33.767321]]},"properties":{"OID":114,"Name":"Catalina Dock Line"}},{"type":"Feature","id":115,"geometry":{"type":"LineString","coordinates":[[-118.204179,33.775348],[-118.206904,33.775348],[-118.207108,33.775429],[-118.207376,33.775705],[-118.207473,33.775999],[-118.207516,33.776374],[-118.207634,33.776766],[-118.20787,33.777034],[-118.208213,33.777346],[-118.208642,33.777631],[-118.209361,33.777988],[-118.210509,33.77863],[-118.210841,33.778773],[-118.212515,33.779228],[-118.215873,33.780137],[-118.22215,33.781867],[-118.22878,33.783713],[-118.234724,33.785211],[-118.237685,33.786085],[-118.240893,33.786986],[-118.241676,33.787191],[-118.24218,33.78728],[-118.242781,33.787324],[-118.244519,33.787253],[-118.246724,33.787119],[-118.246933,33.787097],[-118.247083,33.787044],[-118.247142,33.787021]]},"properties":{"OID":115,"Name":"Long Beach - San Pedro Line"}},{"type":"Feature","id":116,"geometry":{"type":"LineString","coordinates":[[-118.052537,34.131869],[-118.05235,34.131913],[-118.052119,34.131988],[-118.051878,34.132117],[-118.051593,34.13229],[-118.051411,34.132521],[-118.051298,34.132748],[-118.051191,34.13297],[-118.05111,34.133334],[-118.050912,34.134169],[-118.05052,34.136002],[-118.050322,34.137295]]},"properties":{"OID":116,"Name":"Santa Anita Park Spur"}},{"type":"Feature","id":117,"geometry":{"type":"LineString","coordinates":[[-117.830096,34.101082],[-117.828659,34.10158],[-117.824678,34.103219],[-117.819491,34.10556],[-117.81878,34.105968],[-117.818021,34.106452],[-117.817455,34.106934],[-117.816694,34.107592],[-117.815967,34.108231],[-117.815299,34.108902],[-117.814926,34.109237],[-117.81455,34.109584],[-117.814172,34.109779],[-117.813773,34.10993],[-117.813258,34.11009],[-117.813008,34.110157],[-117.812748,34.110188],[-117.804878,34.110188],[-117.804925,34.122168],[-117.804134,34.122497],[-117.803419,34.12271],[-117.799714,34.123721],[-117.795084,34.124819],[-117.786767,34.128489]]},"properties":{"OID":117,"Name":"San Dimas Local Line"}},{"type":"Feature","id":118,"geometry":{"type":"LineString","coordinates":[[-117.86746,33.747992],[-117.867546,33.748024],[-117.867604,33.748068],[-117.867615,33.748135],[-117.867621,33.749223],[-117.86761,33.754353],[-117.867546,33.7623],[-117.867336,33.774546],[-117.867261,33.774742],[-117.867111,33.774876],[-117.866886,33.775009],[-117.866456,33.775009],[-117.861929,33.775027],[-117.860878,33.775081],[-117.860116,33.775188],[-117.859365,33.775384],[-117.858624,33.775669],[-117.85783,33.77599],[-117.857112,33.776312],[-117.856564,33.776588],[-117.85605,33.776962],[-117.855674,33.777364],[-117.855416,33.77781],[-117.855288,33.778291],[-117.85532,33.778916],[-117.855309,33.783321],[-117.855298,33.787342],[-117.855309,33.787904],[-117.855416,33.788047],[-117.855696,33.788243]]},"properties":{"OID":118,"Name":"Santa Ana - Orange Line"}},{"type":"Feature","id":119,"geometry":{"type":"LineString","coordinates":[[-117.99958,33.655075],[-117.999129,33.654986],[-117.998722,33.655013],[-117.998292,33.655165],[-117.997885,33.655379],[-117.997616,33.655683],[-117.99738,33.656138],[-117.997241,33.656656],[-117.997134,33.656995],[-117.997091,33.657344],[-117.997144,33.660621],[-117.997155,33.662077],[-117.99723,33.665872],[-117.997327,33.670676],[-117.997338,33.673408],[-117.997434,33.677997],[-117.997488,33.682738],[-117.997531,33.687023],[-117.997584,33.69312],[-117.997611,33.694718]]},"properties":{"OID":119,"Name":"La Bolsa Line"}},{"type":"Feature","id":120,"geometry":{"type":"LineString","coordinates":[[-117.86438,33.747981],[-117.864249,33.747958],[-117.864118,33.747916],[-117.863903,33.747841],[-117.86382,33.74778],[-117.863729,33.74772],[-117.86364,33.747635],[-117.86356,33.747546],[-117.863431,33.747359],[-117.863377,33.747109],[-117.863356,33.745111],[-117.863377,33.742479],[-117.863383,33.740588],[-117.86341,33.735377],[-117.86341,33.732535],[-117.863415,33.730323],[-117.863479,33.728038],[-117.863517,33.724848],[-117.863528,33.722631],[-117.863538,33.719927],[-117.86357,33.717584],[-117.863592,33.715474],[-117.863608,33.715108],[-117.863632,33.714909],[-117.863696,33.714688],[-117.863772,33.714476],[-117.863951,33.714075],[-117.864085,33.713825],[-117.864276,33.71358],[-117.864431,33.713417],[-117.864657,33.713247],[-117.864909,33.713064],[-117.86519,33.712866],[-117.865467,33.712707],[-117.865746,33.712594],[-117.866006,33.712475],[-117.866269,33.712366],[-117.866591,33.712234],[-117.86688,33.712096],[-117.868777,33.711208],[-117.870963,33.710177],[-117.87358,33.708972],[-117.876477,33.707607],[-117.879819,33.706058],[-117.883118,33.704501],[-117.883746,33.704228],[-117.884132,33.70409],[-117.884631,33.70397],[-117.885066,33.703912],[-117.885377,33.703898],[-117.886519,33.703898],[-117.89065,33.703867],[-117.895194,33.703827],[-117.89918,33.703791],[-117.904533,33.703742],[-117.910729,33.703697],[-117.913744,33.703657],[-117.914329,33.703653],[-117.914672,33.703599],[-117.914978,33.703488],[-117.915257,33.703269],[-117.915444,33.703046],[-117.915536,33.702823],[-117.915536,33.702497],[-117.915589,33.702315],[-117.915729,33.702187],[-117.915892,33.702089],[-117.916032,33.702048],[-117.916169,33.702041],[-117.918679,33.702039],[-117.92119,33.70201],[-117.931795,33.701914],[-117.932719,33.701919],[-117.933681,33.701904],[-117.935568,33.701883],[-117.93919,33.701849],[-117.946606,33.701798],[-117.950506,33.701751],[-117.952593,33.701776],[-117.953571,33.701764],[-117.95455,33.701754],[-117.956458,33.701726],[-117.960328,33.701716],[-117.961479,33.701714],[-117.962439,33.701687],[-117.962648,33.701682],[-117.962754,33.701675],[-117.962859,33.70163],[-117.962902,33.701581],[-117.962953,33.70152],[-117.962972,33.701437],[-117.962982,33.701232],[-117.962964,33.700407],[-117.962671,33.682579],[-117.962493,33.667724],[-117.962484,33.666915],[-117.962477,33.666111],[-117.96248,33.665423],[-117.962476,33.665141],[-117.96251,33.665089],[-117.962563,33.665069],[-117.962666,33.665067],[-117.988122,33.664747],[-117.988454,33.664702],[-117.988712,33.664586],[-117.988958,33.664345],[-117.990632,33.662702],[-117.991056,33.662367],[-117.991197,33.662261],[-117.991311,33.662141],[-117.991458,33.661992],[-117.991619,33.661813],[-117.991893,33.66151],[-117.992216,33.6611],[-117.992397,33.660853],[-117.992492,33.660727],[-117.992628,33.660572],[-117.992762,33.660421],[-117.992921,33.660263],[-117.993454,33.659916],[-117.993967,33.659174],[-117.994409,33.658505],[-117.995463,33.65769],[-117.997509,33.655859]]},"properties":{"OID":120,"Name":"Santa Ana-Huntington Beach Line"}},{"type":"Feature","id":121,"geometry":{"type":"LineString","coordinates":[[-118.237519,33.786032],[-118.237417,33.784756],[-118.237385,33.784262],[-118.237411,33.783709],[-118.237438,33.783365],[-118.237508,33.782973],[-118.237712,33.782393],[-118.2379,33.781961],[-118.238082,33.78168],[-118.238618,33.780882],[-118.239541,33.779602],[-118.240035,33.778862],[-118.240174,33.778577],[-118.240287,33.778273],[-118.240351,33.777997],[-118.240877,33.775995],[-118.240963,33.775669],[-118.241,33.775348],[-118.241016,33.77509],[-118.241011,33.7748],[-118.240984,33.774416],[-118.2407,33.77158],[-118.240335,33.767777],[-118.240024,33.764922],[-118.23996,33.764508],[-118.2399,33.763892],[-118.239874,33.76304],[-118.239852,33.762523],[-118.239954,33.762131],[-118.240126,33.761671],[-118.240464,33.761266],[-118.240807,33.760837],[-118.241226,33.760467],[-118.241655,33.760191],[-118.243157,33.759446],[-118.244906,33.75867],[-118.247491,33.757582],[-118.253295,33.755262]]},"properties":{"OID":121,"Name":"Terminal Island Line"}},{"type":"Feature","id":122,"geometry":{"type":"LineString","coordinates":[[-117.291868,34.111769],[-117.291809,34.111858],[-117.29174,34.111942],[-117.291648,34.111996],[-117.291525,34.112044],[-117.284471,34.11204],[-117.284326,34.112009],[-117.28417,34.11196],[-117.283977,34.111889],[-117.283763,34.11176]]},"properties":{"OID":122,"Name":"7th Avenue Line (San Bernardino Local)"}},{"type":"Feature","id":123,"geometry":{"type":"LineString","coordinates":[[-118.313758,33.836607],[-118.313905,33.836518],[-118.314045,33.836442],[-118.314208,33.836357],[-118.314356,33.836297],[-118.314479,33.836255],[-118.314616,33.836217],[-118.314815,33.836179],[-118.314973,33.836146],[-118.315139,33.83613],[-118.315402,33.836134],[-118.316276,33.836177],[-118.316413,33.836188],[-118.316569,33.836212],[-118.316735,33.836255],[-118.316915,33.836328],[-118.317076,33.836415],[-118.317188,33.836504],[-118.317701,33.836963],[-118.31879,33.837957],[-118.320064,33.839116],[-118.321311,33.840245],[-118.321558,33.840425],[-118.321735,33.84055],[-118.321917,33.840653],[-118.32211,33.840755],[-118.322303,33.840818],[-118.322512,33.840889],[-118.322727,33.840951],[-118.32292,33.840987],[-118.325044,33.840974],[-118.325264,33.840996],[-118.325425,33.841045],[-118.325484,33.841161],[-118.3255,33.841294]]},"properties":{"OID":123,"Name":"Branch to Torrance Shops"}},{"type":"Feature","id":124,"geometry":{"type":"LineString","coordinates":[[-118.309193,34.090821],[-118.309152,34.075754],[-118.298829,34.07575],[-118.298625,34.075768],[-118.298464,34.075821],[-118.298421,34.075946],[-118.298389,34.076123],[-118.298356,34.076248],[-118.298196,34.076283],[-118.29664,34.07631],[-118.287992,34.076337],[-118.287724,34.076266],[-118.28751,34.076088],[-118.287317,34.075759],[-118.287134,34.075386],[-118.28708,34.07519],[-118.287064,34.074981],[-118.28708,34.069565],[-118.287172,34.069449],[-118.287349,34.069378],[-118.287585,34.069352],[-118.288894,34.06936]]},"properties":{"OID":124,"Name":"Cahuenga Valley Line"}},{"type":"Feature","id":125,"geometry":{"type":"LineString","coordinates":[[-118.307218,34.183921],[-118.311127,34.186773]]},"properties":{"OID":125,"Name":"Glendale Burbank Line (1940-1949 section)"}}]}